"Date","Price","Open","High","Low","Vol.","Change %"
"Aug 13, 2021","2,612.75","2,575.75","2,622.00","2,574.00","-","1.50%"
"Aug 12, 2021","2,574.25","2,587.50","2,607.25","2,567.50","-","-0.46%"
"Aug 11, 2021","2,586.25","2,583.50","2,593.75","2,574.25","-","0.06%"
"Aug 10, 2021","2,584.75","2,555.25","2,591.75","2,551.00","-","1.66%"
"Aug 09, 2021","2,542.50","2,551.25","2,573.25","2,542.40","-","-1.19%"
"Aug 06, 2021","2,573.25","2,582.25","2,590.42","2,582.25","-","-0.62%"
"Aug 05, 2021","2,589.25","2,590.00","2,590.57","2,568.25","-","0.82%"
"Aug 04, 2021","2,568.25","2,564.75","2,588.15","2,564.50","-","-0.77%"
"Aug 03, 2021","2,588.15","2,618.75","2,618.75","2,597.88","-","-1.17%"
"Aug 02, 2021","2,618.75","2,628.50","2,631.14","2,603.00","-","0.81%"
"Jul 30, 2021","2,597.75","2,596.75","2,641.25","2,582.50","-","0.09%"
"Jul 29, 2021","2,595.50","2,524.75","2,596.25","2,518.50","-","1.64%"
"Jul 28, 2021","2,553.50","2,534.25","2,538.50","2,502.50","-","2.69%"
"Jul 27, 2021","2,486.50","2,502.75","2,524.50","2,479.25","-","-0.67%"
"Jul 26, 2021","2,503.25","2,510.25","2,526.25","2,481.00","-","-0.16%"
"Jul 23, 2021","2,507.25","2,468.25","2,509.75","2,468.00","-","1.67%"
"Jul 22, 2021","2,466.00","2,456.00","2,488.75","2,448.50","-","0.65%"
"Jul 21, 2021","2,450.00","2,461.95","2,461.95","2,443.43","-","0.14%"
"Jul 20, 2021","2,446.50","2,423.00","2,470.25","2,421.50","-","1.16%"
"Jul 19, 2021","2,418.50","2,470.25","2,540.00","2,412.00","-","-2.78%"
"Jul 16, 2021","2,487.75","2,509.00","2,528.75","2,484.25","-","-0.91%"
"Jul 15, 2021","2,510.50","2,519.00","2,537.50","2,502.75","-","0.01%"
"Jul 14, 2021","2,510.30","2,505.00","2,522.75","2,502.75","-","-1.03%"
"Jul 13, 2021","2,536.50","2,493.75","2,546.25","2,481.00","-","2.53%"
"Jul 12, 2021","2,474.00","2,479.25","2,485.25","2,472.50","-","-0.87%"
"Jul 09, 2021","2,495.75","2,453.25","2,511.00","2,453.25","-","1.77%"
"Jul 08, 2021","2,452.25","2,488.25","2,492.50","2,431.75","-","-1.41%"
"Jul 07, 2021","2,487.25","2,474.25","2,516.75","2,474.00","-","-1.17%"
"Jul 06, 2021","2,516.75","2,496.25","2,543.50","2,493.00","-","-1.05%"
"Jul 05, 2021","2,543.50","2,553.50","2,554.50","2,550.25","-","-0.56%"
"Jul 02, 2021","2,557.75","2,506.50","2,564.00","2,506.25","-","2.00%"
"Jul 01, 2021","2,507.50","2,522.50","2,526.50","2,491.75","-","-0.48%"
"Jun 30, 2021","2,519.50","2,521.00","2,549.00","2,510.61","-","-0.45%"
"Jun 29, 2021","2,531.00","2,524.50","2,554.75","2,509.25","-","-0.03%"
"Jun 28, 2021","2,531.75","2,493.50","2,543.75","2,470.75","-","1.46%"
"Jun 25, 2021","2,495.25","2,441.50","2,497.75","2,435.75","-","2.72%"
"Jun 24, 2021","2,429.25","2,427.00","2,427.75","2,422.97","-","-0.17%"
"Jun 23, 2021","2,433.50","2,426.50","2,442.75","2,411.75","-","0.36%"
"Jun 22, 2021","2,424.75","2,404.50","2,428.75","2,395.25","-","1.42%"
"Jun 21, 2021","2,390.75","2,391.62","2,397.70","2,375.00","-","0.66%"
"Jun 18, 2021","2,375.00","2,372.88","2,389.50","2,372.88","-","0.48%"
"Jun 17, 2021","2,363.75","2,446.75","2,464.00","2,352.50","-","-4.38%"
"Jun 16, 2021","2,472.00","2,451.25","2,475.75","2,427.25","-","0.66%"
"Jun 15, 2021","2,455.75","2,425.25","2,482.75","2,423.25","-","-1.09%"
"Jun 14, 2021","2,482.75","2,498.50","2,498.50","2,453.20","-","0.79%"
"Jun 11, 2021","2,463.25","2,474.75","2,504.75","2,460.25","-","-0.95%"
"Jun 10, 2021","2,486.75","2,490.80","2,491.55","2,472.80","-","0.56%"
"Jun 09, 2021","2,472.80","2,453.13","2,457.00","2,453.13","-","0.68%"
"Jun 08, 2021","2,456.00","2,447.51","2,449.39","2,423.26","-","1.35%"
"Jun 07, 2021","2,423.26","2,418.00","2,448.75","2,416.00","-","-1.04%"
"Jun 04, 2021","2,448.75","2,438.09","2,439.09","2,389.59","-","2.48%"
"Jun 03, 2021","2,389.59","2,423.70","2,454.95","2,375.63","0.09K","-1.64%"
"Jun 02, 2021","2,429.40","2,423.70","2,454.95","2,421.95","-","-1.04%"
"Jun 01, 2021","2,454.95","2,484.01","2,491.51","2,445.26","0.45K","-0.48%"
"May 28, 2021","2,466.76","2,493.25","2,494.00","2,432.27","-","0.22%"
"May 27, 2021","2,461.25","2,465.13","2,466.63","2,379.75","-","3.42%"
"May 26, 2021","2,379.75","2,392.50","2,393.50","2,349.75","-","1.26%"
"May 25, 2021","2,350.05","2,362.25","2,367.05","2,361.50","-","-0.72%"
"May 24, 2021","2,367.05","2,373.25","2,373.25","2,351.25","-","0.67%"
"May 21, 2021","2,351.25","2,364.00","2,377.65","2,345.53","-","-1.11%"
"May 20, 2021","2,377.65","2,354.25","2,397.25","2,340.89","-","-0.82%"
"May 19, 2021","2,397.25","2,461.25","2,461.25","2,402.72","-","-2.60%"
"May 18, 2021","2,461.25","2,447.75","2,484.82","2,446.50","-","-0.37%"
"May 17, 2021","2,470.45","2,484.35","2,490.50","2,448.25","-","0.91%"
"May 14, 2021","2,448.25","2,430.85","2,430.85","2,424.50","-","0.76%"
"May 13, 2021","2,429.75","2,435.13","2,459.52","2,431.90","-","-1.21%"
"May 12, 2021","2,459.52","2,500.70","2,500.70","2,472.70","-","-1.65%"
"May 11, 2021","2,500.70","2,512.85","2,524.93","2,512.85","-","-0.48%"
"May 10, 2021","2,512.85","2,512.74","2,524.20","2,511.85","-","-0.45%"
"May 07, 2021","2,524.20","2,523.00","2,525.24","2,475.00","-","1.99%"
"May 06, 2021","2,475.00","2,501.50","2,501.50","2,431.50","-","1.79%"
"May 05, 2021","2,431.50","2,435.25","2,435.75","2,416.75","-","0.61%"
"May 04, 2021","2,416.75","2,423.00","2,427.00","2,390.50","-","1.10%"
"Apr 30, 2021","2,390.50","2,406.50","2,414.43","2,391.71","-","-0.57%"
"Apr 29, 2021","2,404.25","2,402.10","2,408.67","2,386.10","-","0.76%"
"Apr 28, 2021","2,386.10","2,388.20","2,390.23","2,379.70","-","0.11%"
"Apr 27, 2021","2,383.45","2,392.25","2,392.25","2,388.05","-","-0.37%"
"Apr 26, 2021","2,392.25","2,391.25","2,391.50","2,352.75","-","1.68%"
"Apr 23, 2021","2,352.75","2,362.38","2,367.17","2,352.75","-","0.00%"
"Apr 22, 2021","2,352.75","2,354.50","2,354.50","2,354.50","-","-0.07%"
"Apr 21, 2021","2,354.50","2,353.63","2,355.13","2,296.75","-","2.51%"
"Apr 20, 2021","2,296.75","2,316.65","2,317.25","2,302.53","-","-0.86%"
"Apr 19, 2021","2,316.65","2,317.23","2,319.63","2,300.95","-","0.68%"
"Apr 16, 2021","2,300.95","2,304.45","2,323.20","2,301.45","-","-0.96%"
"Apr 15, 2021","2,323.20","2,308.50","2,331.75","2,308.50","-","0.64%"
"Apr 14, 2021","2,308.50","2,314.00","2,314.25","2,278.00","-","1.34%"
"Apr 13, 2021","2,278.00","2,288.25","2,289.00","2,246.50","-","1.40%"
"Apr 12, 2021","2,246.50","2,251.25","2,251.25","2,248.50","-","-0.09%"
"Apr 09, 2021","2,248.50","2,255.11","2,268.11","2,246.96","-","-0.86%"
"Apr 08, 2021","2,268.11","2,272.00","2,272.75","2,245.00","-","1.03%"
"Apr 07, 2021","2,245.00","2,255.25","2,255.25","2,245.50","-","-0.45%"
"Apr 06, 2021","2,255.25","2,209.25","2,249.47","2,209.25","-","2.08%"
"Apr 01, 2021","2,209.25","2,209.75","2,217.75","2,194.25","-","0.68%"
"Mar 31, 2021","2,194.25","2,214.50","2,214.50","2,196.25","-","-0.91%"
"Mar 30, 2021","2,214.50","2,250.00","2,250.00","2,212.07","-","-1.58%"
"Mar 29, 2021","2,250.00","2,284.00","2,284.00","2,257.60","-","-1.49%"
"Mar 26, 2021","2,284.00","2,269.75","2,281.75","2,231.25","-","2.36%"
"Mar 25, 2021","2,231.25","2,241.00","2,246.00","2,227.01","-","-0.57%"
"Mar 24, 2021","2,244.00","2,240.63","2,240.63","2,203.40","-","1.84%"
"Mar 23, 2021","2,203.40","2,260.00","2,263.50","2,176.00","0.08K","-2.35%"
"Mar 22, 2021","2,256.50","2,260.00","2,262.25","2,249.00","-","0.33%"
"Mar 19, 2021","2,249.00","2,253.88","2,261.13","2,194.20","-","2.36%"
"Mar 18, 2021","2,197.20","2,206.00","2,224.75","2,185.25","0.10K","-0.60%"
"Mar 17, 2021","2,210.50","2,206.00","2,221.75","2,187.00","0.12K","1.07%"
"Mar 16, 2021","2,187.00","2,184.38","2,202.88","2,177.63","-","-0.69%"
"Mar 15, 2021","2,202.25","2,204.00","2,210.72","2,155.00","0.53K","2.63%"
"Mar 12, 2021","2,145.75","2,145.25","2,150.00","2,142.00","0.04K","-0.19%"
"Mar 11, 2021","2,149.75","2,155.63","2,162.13","2,140.13","-","0.39%"
"Mar 10, 2021","2,141.50","2,141.75","2,151.00","2,136.50","-","-0.02%"
"Mar 09, 2021","2,142.00","2,142.00","2,145.75","2,137.10","-","-0.17%"
"Mar 08, 2021","2,145.75","2,149.00","2,155.00","2,144.13","0.08K","-0.33%"
"Mar 05, 2021","2,152.75","2,157.13","2,162.13","2,128.75","-","1.13%"
"Mar 04, 2021","2,128.75","2,112.00","2,175.00","2,105.25","-","-2.13%"
"Mar 03, 2021","2,175.00","2,179.00","2,194.25","2,178.50","-","-0.75%"
"Mar 02, 2021","2,191.50","2,203.38","2,206.63","2,105.25","0.30K","4.10%"
"Mar 01, 2021","2,105.25","2,103.38","2,132.13","2,085.63","0.30K","-1.24%"
"Feb 26, 2021","2,131.75","2,138.63","2,215.63","2,133.13","0.83K","-3.73%"
"Feb 25, 2021","2,214.35","2,212.50","2,212.50","2,163.00","-","2.37%"
"Feb 24, 2021","2,163.00","2,171.25","2,185.38","2,126.00","-","1.74%"
"Feb 23, 2021","2,126.00","2,132.25","2,147.75","2,123.50","-","-1.01%"
"Feb 22, 2021","2,147.75","2,155.26","2,158.76","2,114.51","-","1.56%"
"Feb 19, 2021","2,114.75","2,117.63","2,136.95","2,114.00","-","-0.39%"
"Feb 18, 2021","2,123.13","2,125.38","2,134.24","2,100.63","0.66K","1.03%"
"Feb 17, 2021","2,101.55","2,101.75","2,102.25","2,073.00","-","1.37%"
"Feb 16, 2021","2,073.25","2,071.25","2,075.50","2,070.25","-","0.10%"
"Feb 15, 2021","2,071.25","2,068.50","2,078.25","2,066.25","-","-0.67%"
"Feb 12, 2021","2,085.25","2,085.00","2,087.00","2,075.75","-","0.46%"
"Feb 11, 2021","2,075.75","2,075.09","2,077.34","2,069.59","-","0.03%"
"Feb 10, 2021","2,075.09","2,012.00","2,070.75","1,997.00","-","1.24%"
"Feb 09, 2021","2,049.75","2,055.85","2,059.10","2,023.35","-","1.30%"
"Feb 08, 2021","2,023.35","2,027.43","2,029.63","2,012.25","-","0.53%"
"Feb 05, 2021","2,012.75","2,011.65","2,013.98","1,987.40","0.01K","1.28%"
"Feb 04, 2021","1,987.40","1,988.50","1,989.50","1,966.75","-","1.05%"
"Feb 03, 2021","1,966.75","1,966.00","1,971.25","1,962.50","0.33K","0.09%"
"Feb 02, 2021","1,965.00","1,968.25","1,972.88","1,963.00","0.09K","0.05%"
"Feb 01, 2021","1,964.00","1,964.13","1,980.05","1,956.63","-","-0.45%"
"Jan 29, 2021","1,972.88","1,971.10","1,986.09","1,968.10","-","-0.23%"
"Jan 28, 2021","1,977.35","1,987.75","2,016.50","1,962.62","0.28K","-0.39%"
"Jan 27, 2021","1,985.00","1,987.75","2,016.50","1,983.25","-","-1.56%"
"Jan 26, 2021","2,016.50","2,015.33","2,021.58","2,009.33","-","0.36%"
"Jan 25, 2021","2,009.33","2,009.50","2,012.00","1,986.75","-","1.14%"
"Jan 22, 2021","1,986.75","1,985.25","1,987.00","1,974.91","-","-0.01%"
"Jan 21, 2021","1,987.00","1,989.13","1,995.76","1,969.45","-","0.89%"
"Jan 20, 2021","1,969.45","1,953.80","1,978.05","1,953.80","0.30K","0.80%"
"Jan 19, 2021","1,953.80","1,959.50","1,963.25","1,959.50","-","-0.39%"
"Jan 18, 2021","1,961.50","1,984.00","1,984.00","1,963.50","-","-1.47%"
"Jan 15, 2021","1,990.75","1,985.25","2,004.75","1,982.00","-","-0.70%"
"Jan 14, 2021","2,004.75","2,009.10","2,016.75","1,981.88","0.10K","-0.29%"
"Jan 13, 2021","2,010.50","2,009.10","2,013.85","2,007.35","-","-0.17%"
"Jan 12, 2021","2,013.85","2,020.63","2,022.13","2,003.55","-","0.51%"
"Jan 11, 2021","2,003.55","2,006.25","2,018.00","2,002.14","-","-0.72%"
"Jan 08, 2021","2,018.00","2,017.50","2,031.25","2,011.00","-","-0.65%"
"Jan 07, 2021","2,031.25","2,025.25","2,035.25","2,023.25","-","-0.20%"
"Jan 06, 2021","2,035.25","2,027.50","2,040.25","2,024.80","-","-0.25%"
"Jan 05, 2021","2,040.25","2,047.50","2,049.25","2,031.63","-","0.39%"
"Jan 04, 2021","2,032.25","2,025.50","2,032.75","1,979.00","-","2.69%"
"Dec 31, 2020","1,979.00","1,992.62","2,003.12","1,981.87","-","-1.20%"
"Dec 30, 2020","2,003.12","1,999.75","2,002.00","1,992.50","-","0.53%"
"Dec 29, 2020","1,992.50","1,989.50","2,031.00","1,983.75","-","-1.90%"
"Dec 24, 2020","2,031.00","2,021.65","2,023.90","2,003.15","-","1.39%"
"Dec 23, 2020","2,003.15","1,991.75","2,021.38","1,964.00","0.30K","0.80%"
"Dec 22, 2020","1,987.25","1,991.75","2,014.00","1,985.25","-","-1.33%"
"Dec 21, 2020","2,014.00","2,021.13","2,051.13","2,019.00","0.15K","-1.78%"
"Dec 18, 2020","2,050.50","2,005.00","2,050.50","2,002.00","-","0.20%"
"Dec 17, 2020","2,046.50","2,055.50","2,068.25","2,029.75","1.35K","0.83%"
"Dec 16, 2020","2,029.75","2,023.63","2,026.65","2,017.65","0.16K","0.36%"
"Dec 15, 2020","2,022.40","2,023.13","2,041.85","2,018.13","-","-0.95%"
"Dec 14, 2020","2,041.85","2,031.40","2,033.90","2,007.40","-","1.72%"
"Dec 11, 2020","2,007.40","2,013.49","2,048.49","2,010.49","-","-2.01%"
"Dec 10, 2020","2,048.49","2,042.50","2,045.50","2,024.50","-","1.18%"
"Dec 09, 2020","2,024.50","2,022.63","2,023.50","1,973.25","-","2.60%"
"Dec 08, 2020","1,973.25","1,982.50","2,001.75","1,977.68","-","-1.34%"
"Dec 07, 2020","2,000.03","2,001.75","2,034.85","1,997.75","-","-1.71%"
"Dec 04, 2020","2,034.85","2,036.50","2,040.00","2,019.50","-","0.66%"
"Dec 03, 2020","2,021.50","2,013.50","2,049.65","2,008.00","-","-1.37%"
"Dec 02, 2020","2,049.65","2,060.25","2,061.00","2,037.75","-","-0.55%"
"Dec 01, 2020","2,061.00","2,055.38","2,062.78","2,041.63","0.33K","0.92%"
"Nov 30, 2020","2,042.25","1,995.88","2,041.38","1,994.00","0.61K","2.42%"
"Nov 27, 2020","1,994.00","1,989.50","1,991.00","1,967.25","-","1.36%"
"Nov 26, 2020","1,967.25","1,961.25","1,970.25","1,961.25","-","0.29%"
"Nov 25, 2020","1,961.50","1,963.50","1,980.00","1,959.75","-","-0.93%"
"Nov 24, 2020","1,980.00","1,981.50","1,982.00","1,966.50","-","0.69%"
"Nov 23, 2020","1,966.50","1,988.00","1,988.00","1,962.25","-","-1.08%"
"Nov 20, 2020","1,988.00","1,988.10","1,988.10","1,981.85","-","-0.01%"
"Nov 19, 2020","1,988.10","1,987.75","1,994.50","1,970.00","0.30K","-0.26%"
"Nov 18, 2020","1,993.25","1,987.75","1,991.40","1,970.00","-","1.18%"
"Nov 17, 2020","1,970.00","1,960.25","1,966.00","1,936.00","-","1.34%"
"Nov 16, 2020","1,944.00","1,938.50","1,939.50","1,916.50","-","1.43%"
"Nov 13, 2020","1,916.50","1,919.55","1,919.55","1,913.00","-","0.18%"
"Nov 12, 2020","1,913.00","1,909.50","1,912.25","1,901.00","-","0.63%"
"Nov 11, 2020","1,901.00","1,899.05","1,902.43","1,890.80","-","0.54%"
"Nov 10, 2020","1,890.80","1,897.00","1,897.75","1,878.00","-","0.68%"
"Nov 09, 2020","1,878.00","1,888.00","1,889.00","1,884.38","-","-0.57%"
"Nov 06, 2020","1,888.75","1,889.35","1,893.60","1,887.35","-","0.07%"
"Nov 05, 2020","1,887.35","1,884.00","1,904.50","1,882.25","-","-0.90%"
"Nov 04, 2020","1,904.50","1,903.74","1,910.00","1,902.25","-","-0.17%"
"Nov 03, 2020","1,907.75","1,899.25","1,902.88","1,866.50","-","2.01%"
"Nov 02, 2020","1,870.25","1,876.75","1,878.75","1,853.50","-","0.90%"
"Oct 30, 2020","1,853.50","1,851.50","1,853.13","1,804.75","-","2.70%"
"Oct 29, 2020","1,804.75","1,799.75","1,804.25","1,794.18","-","0.03%"
"Oct 28, 2020","1,804.25","1,807.00","1,818.00","1,801.20","-","-0.48%"
"Oct 27, 2020","1,813.00","1,813.31","1,819.56","1,806.80","-","-0.36%"
"Oct 26, 2020","1,819.56","1,816.95","1,836.95","1,816.20","-","-0.95%"
"Oct 23, 2020","1,836.95","1,836.50","1,840.25","1,834.38","-","-0.18%"
"Oct 22, 2020","1,840.25","1,837.50","1,837.88","1,835.38","-","0.15%"
"Oct 21, 2020","1,837.50","1,834.83","1,840.18","1,823.25","-","0.78%"
"Oct 20, 2020","1,823.25","1,841.20","1,841.20","1,821.83","-","-0.97%"
"Oct 19, 2020","1,841.20","1,833.75","1,861.00","1,832.50","-","-0.96%"
"Oct 16, 2020","1,859.00","1,852.75","1,855.00","1,840.75","-","0.99%"
"Oct 15, 2020","1,840.75","1,837.25","1,837.25","1,833.00","-","0.19%"
"Oct 14, 2020","1,837.25","1,835.49","1,845.50","1,833.25","-","-0.45%"
"Oct 13, 2020","1,845.50","1,842.00","1,843.75","1,841.50","-","0.09%"
"Oct 12, 2020","1,843.75","1,843.00","1,843.25","1,828.50","-","0.83%"
"Oct 09, 2020","1,828.50","1,833.50","1,833.50","1,789.75","-","2.17%"
"Oct 08, 2020","1,789.75","1,765.50","1,786.38","1,765.50","-","1.37%"
"Oct 07, 2020","1,765.50","1,766.50","1,766.50","1,745.00","-","1.17%"
"Oct 06, 2020","1,745.00","1,752.75","1,762.75","1,748.06","-","-0.44%"
"Oct 05, 2020","1,752.75","1,753.50","1,753.50","1,741.75","-","0.63%"
"Oct 02, 2020","1,741.75","1,732.00","1,736.63","1,711.75","-","1.75%"
"Oct 01, 2020","1,711.75","1,737.75","1,739.75","1,709.75","-","-1.61%"
"Sep 30, 2020","1,739.75","1,741.50","1,759.00","1,739.50","-","-1.09%"
"Sep 29, 2020","1,759.00","1,752.75","1,754.50","1,752.75","-","0.36%"
"Sep 28, 2020","1,752.75","1,760.99","1,761.74","1,725.00","-","1.61%"
"Sep 25, 2020","1,725.00","1,736.01","1,737.26","1,715.50","-","0.55%"
"Sep 24, 2020","1,715.50","1,729.36","1,729.36","1,713.78","-","-0.80%"
"Sep 23, 2020","1,729.36","1,731.63","1,751.55","1,730.13","-","-1.27%"
"Sep 22, 2020","1,751.55","1,754.00","1,758.50","1,753.00","-","-0.18%"
"Sep 21, 2020","1,754.75","1,756.00","1,768.75","1,755.75","-","-0.79%"
"Sep 18, 2020","1,768.75","1,771.51","1,772.26","1,757.00","-","0.67%"
"Sep 17, 2020","1,757.00","1,772.35","1,772.35","1,772.35","-","-0.87%"
"Sep 16, 2020","1,772.35","1,751.76","1,754.51","1,750.76","-","0.33%"
"Sep 15, 2020","1,766.50","1,755.01","1,761.76","1,754.76","-","-0.65%"
"Sep 14, 2020","1,778.01","1,764.56","1,764.81","1,737.50","-","2.33%"
"Sep 11, 2020","1,737.50","1,738.25","1,752.90","1,737.75","-","-0.88%"
"Sep 10, 2020","1,752.90","1,743.51","1,752.65","1,742.01","-","0.29%"
"Sep 09, 2020","1,747.90","1,757.10","1,757.10","1,748.09","-","-0.52%"
"Sep 08, 2020","1,757.10","1,763.62","1,763.62","1,752.87","-","-0.37%"
"Sep 07, 2020","1,763.62","1,763.50","1,765.00","1,763.50","-","0.49%"
"Sep 04, 2020","1,755.00","1,759.88","1,760.55","1,749.55","-","0.31%"
"Sep 03, 2020","1,749.55","1,746.76","1,755.85","1,746.76","-","-0.36%"
"Sep 02, 2020","1,755.85","1,788.00","1,788.00","1,761.65","-","-1.80%"
"Sep 01, 2020","1,788.00","1,771.50","1,789.50","1,771.50","-","0.93%"
"Aug 28, 2020","1,771.50","1,772.51","1,773.01","1,751.25","-","1.21%"
"Aug 27, 2020","1,750.25","1,750.25","1,750.25","1,746.13","-","0.00%"
"Aug 26, 2020","1,750.25","1,747.38","1,752.28","1,745.38","-","0.24%"
"Aug 25, 2020","1,746.00","1,747.95","1,749.61","1,741.86","-","0.24%"
"Aug 24, 2020","1,741.86","1,741.87","1,744.50","1,737.62","-","-1.23%"
"Aug 21, 2020","1,763.50","1,740.38","1,763.50","1,738.13","0.56K","-0.39%"
"Aug 20, 2020","1,770.35","1,754.50","1,780.49","1,736.25","0.01K","0.00%"
"Aug 19, 2020","1,770.35","1,754.50","1,754.75","1,736.25","-","2.21%"
"Aug 18, 2020","1,732.00","1,718.75","1,741.16","1,718.75","-","0.00%"
"Aug 17, 2020","1,732.00","1,710.75","1,723.22","1,710.75","-","0.23%"
"Aug 14, 2020","1,728.00","1,728.00","1,728.00","1,710.43","-","-1.45%"
"Aug 13, 2020","1,753.35","1,753.85","1,757.60","1,724.15","0.01K","0.00%"
"Aug 12, 2020","1,753.35","1,753.85","1,755.60","1,753.85","-","-0.03%"
"Aug 11, 2020","1,753.85","1,754.50","1,754.50","1,749.68","-","-0.04%"
"Aug 10, 2020","1,754.50","1,739.55","1,750.93","1,739.55","-","0.43%"
"Aug 07, 2020","1,747.00","1,747.00","1,747.00","1,734.75","0.03K","0.60%"
"Aug 06, 2020","1,736.50","1,736.50","1,746.69","1,736.50","-","0.00%"
"Aug 05, 2020","1,736.50","1,731.90","1,742.75","1,729.00","-","-0.17%"
"Aug 04, 2020","1,739.50","1,721.50","1,734.62","1,721.50","-","1.05%"
"Aug 03, 2020","1,721.50","1,715.50","1,720.75","1,683.50","-","1.71%"
"Jul 31, 2020","1,692.50","1,681.50","1,696.25","1,678.50","-","-0.28%"
"Jul 30, 2020","1,697.25","1,699.00","1,699.50","1,687.50","-","0.00%"
"Jul 29, 2020","1,697.25","1,700.25","1,701.75","1,697.25","-","0.88%"
"Jul 28, 2020","1,682.50","1,699.13","1,701.99","1,682.50","0.05K","0.00%"
"Jul 27, 2020","1,682.50","1,686.10","1,686.35","1,676.60","-","0.24%"
"Jul 24, 2020","1,678.50","1,675.25","1,678.50","1,668.64","-","0.46%"
"Jul 23, 2020","1,670.75","1,686.50","1,688.00","1,670.75","-","0.00%"
"Jul 22, 2020","1,670.75","1,668.75","1,676.00","1,666.39","-","1.66%"
"Jul 21, 2020","1,643.50","1,675.22","1,678.50","1,640.22","-","0.00%"
"Jul 20, 2020","1,643.50","1,643.25","1,644.00","1,638.08","-","-0.47%"
"Jul 17, 2020","1,651.25","1,644.50","1,651.25","1,640.75","-","-0.87%"
"Jul 16, 2020","1,665.75","1,648.00","1,665.75","1,647.55","-","0.00%"
"Jul 15, 2020","1,665.75","1,644.75","1,655.00","1,644.00","-","-0.39%"
"Jul 14, 2020","1,672.25","1,656.50","1,656.50","1,649.44","-","0.00%"
"Jul 13, 2020","1,672.25","1,660.75","1,676.00","1,656.00","-","2.09%"
"Jul 10, 2020","1,638.00","1,658.88","1,662.25","1,638.00","-","0.09%"
"Jul 09, 2020","1,636.50","1,623.00","1,651.59","1,620.25","-","0.00%"
"Jul 08, 2020","1,636.50","1,604.25","1,637.50","1,604.25","-","1.98%"
"Jul 07, 2020","1,604.75","1,604.75","1,604.75","1,600.33","-","0.00%"
"Jul 06, 2020","1,604.75","1,605.00","1,606.50","1,586.00","-","0.72%"
"Jul 03, 2020","1,593.25","1,585.75","1,593.25","1,584.25","-","-0.05%"
"Jul 02, 2020","1,594.00","1,594.00","1,598.25","1,594.00","-","0.00%"
"Jul 01, 2020","1,594.00","1,598.00","1,598.00","1,586.75","-","0.02%"
"Jun 30, 2020","1,593.75","1,591.25","1,596.71","1,583.00","-","0.68%"
"Jun 29, 2020","1,583.00","1,589.25","1,589.25","1,577.25","-","0.36%"
"Jun 26, 2020","1,577.25","1,545.50","1,579.40","1,545.50","-","2.05%"
"Jun 25, 2020","1,545.50","1,551.25","1,551.25","1,540.93","-","-0.37%"
"Jun 24, 2020","1,551.25","1,551.50","1,570.75","1,549.50","-","-1.24%"
"Jun 23, 2020","1,570.75","1,579.00","1,579.00","1,579.00","-","-0.52%"
"Jun 22, 2020","1,579.00","1,569.00","1,569.00","1,569.00","-","0.64%"
"Jun 19, 2020","1,569.00","1,562.25","1,584.50","1,561.75","-","-0.98%"
"Jun 18, 2020","1,584.50","1,585.25","1,585.25","1,585.25","-","-0.05%"
"Jun 17, 2020","1,585.25","1,585.38","1,586.00","1,576.00","0.07K","0.59%"
"Jun 16, 2020","1,576.00","1,556.75","1,584.50","1,554.05","-","1.41%"
"Jun 15, 2020","1,554.05","1,565.25","1,565.25","1,555.36","-","-0.59%"
"Jun 12, 2020","1,563.25","1,554.25","1,577.50","1,552.75","-","-0.90%"
"Jun 11, 2020","1,577.50","1,608.25","1,608.25","1,582.36","-","-1.91%"
"Jun 10, 2020","1,608.25","1,608.13","1,610.39","1,584.00","-","1.53%"
"Jun 09, 2020","1,584.00","1,581.50","1,584.18","1,581.50","-","0.02%"
"Jun 08, 2020","1,583.75","1,571.13","1,587.85","1,571.00","-","0.81%"
"Jun 05, 2020","1,571.00","1,571.75","1,572.88","1,550.75","-","1.31%"
"Jun 04, 2020","1,550.75","1,548.75","1,548.75","1,548.75","-","0.13%"
"Jun 03, 2020","1,548.75","1,547.00","1,547.00","1,527.75","-","1.37%"
"Jun 02, 2020","1,527.75","1,538.50","1,538.75","1,517.50","-","0.68%"
"Jun 01, 2020","1,517.50","1,524.50","1,535.00","1,524.50","-","-1.14%"
"May 29, 2020","1,535.00","1,524.25","1,534.50","1,524.25","-","0.71%"
"May 28, 2020","1,524.25","1,525.51","1,525.75","1,512.25","-","0.79%"
"May 27, 2020","1,512.25","1,516.25","1,516.25","1,505.50","-","0.45%"
"May 26, 2020","1,505.50","1,508.00","1,508.00","1,492.25","-","0.89%"
"May 22, 2020","1,492.25","1,505.75","1,505.75","1,487.33","-","-0.90%"
"May 21, 2020","1,505.75","1,498.25","1,507.08","1,498.25","-","0.50%"
"May 20, 2020","1,498.25","1,498.25","1,498.75","1,474.65","-","1.60%"
"May 19, 2020","1,474.65","1,471.50","1,478.25","1,470.75","-","-0.24%"
"May 18, 2020","1,478.25","1,480.75","1,481.00","1,443.75","-","3.43%"
"May 15, 2020","1,429.25","1,428.80","1,441.30","1,428.05","-","-0.84%"
"May 14, 2020","1,441.30","1,447.25","1,447.25","1,443.01","-","-0.41%"
"May 13, 2020","1,447.25","1,443.50","1,444.00","1,443.50","-","0.23%"
"May 12, 2020","1,444.00","1,464.75","1,464.75","1,464.75","-","-1.42%"
"May 11, 2020","1,464.75","1,465.50","1,465.50","1,453.00","-","0.81%"
"May 07, 2020","1,453.00","1,447.20","1,457.46","1,447.20","-","0.40%"
"May 06, 2020","1,447.20","1,451.26","1,451.50","1,447.00","-","-0.30%"
"May 05, 2020","1,451.50","1,451.15","1,457.75","1,451.15","-","0.02%"
"May 04, 2020","1,451.25","1,452.75","1,457.61","1,452.75","-","-0.44%"
"May 01, 2020","1,457.61","1,458.50","1,466.75","1,456.19","-","-0.62%"
"Apr 30, 2020","1,466.75","1,466.75","1,477.50","1,464.91","-","-0.73%"
"Apr 29, 2020","1,477.50","1,478.00","1,478.00","1,477.25","-","0.02%"
"Apr 28, 2020","1,477.25","1,480.75","1,482.25","1,480.75","-","-0.34%"
"Apr 27, 2020","1,482.25","1,483.50","1,490.75","1,483.00","-","-0.57%"
"Apr 24, 2020","1,490.75","1,488.00","1,488.00","1,488.00","0.09K","0.18%"
"Apr 23, 2020","1,488.00","1,491.05","1,491.05","1,488.93","-","-0.20%"
"Apr 22, 2020","1,491.05","1,496.78","1,498.25","1,466.00","0.10K","1.71%"
"Apr 21, 2020","1,466.00","1,479.75","1,479.75","1,462.67","-","-0.93%"
"Apr 20, 2020","1,479.75","1,475.50","1,485.00","1,475.50","-","-0.35%"
"Apr 17, 2020","1,485.00","1,485.25","1,498.00","1,484.75","-","-0.40%"
"Apr 16, 2020","1,491.00","1,512.00","1,522.75","1,507.25","-","0.27%"
"Apr 15, 2020","1,487.00","1,489.69","1,491.69","1,482.69","-","0.29%"
"Apr 14, 2020","1,482.69","1,493.00","1,493.50","1,458.50","-","2.93%"
"Apr 09, 2020","1,440.50","1,426.50","1,445.44","1,426.50","-","0.98%"
"Apr 08, 2020","1,426.50","1,434.50","1,444.25","1,433.38","-","-1.23%"
"Apr 07, 2020","1,444.25","1,441.50","1,441.50","1,441.50","-","0.19%"
"Apr 06, 2020","1,441.50","1,446.50","1,453.75","1,445.00","-","-0.84%"
"Apr 03, 2020","1,453.75","1,463.50","1,463.50","1,463.50","-","-0.67%"
"Apr 02, 2020","1,463.50","1,473.00","1,473.21","1,470.35","-","-0.64%"
"Apr 01, 2020","1,473.00","1,501.50","1,501.50","1,473.47","-","-1.90%"
"Mar 31, 2020","1,501.50","1,502.85","1,507.75","1,501.75","-","-0.41%"
"Mar 30, 2020","1,507.75","1,509.75","1,526.50","1,509.25","-","-1.23%"
"Mar 27, 2020","1,526.50","1,533.00","1,534.25","1,517.00","-","0.63%"
"Mar 26, 2020","1,517.00","1,525.18","1,525.18","1,517.43","-","-0.08%"
"Mar 25, 2020","1,518.25","1,527.75","1,538.63","1,526.00","-","-0.74%"
"Mar 24, 2020","1,529.50","1,536.13","1,552.59","1,531.25","-","-0.81%"
"Mar 23, 2020","1,542.00","1,552.75","1,571.75","1,548.75","1.55K","-1.89%"
"Mar 20, 2020","1,571.75","1,573.41","1,620.94","1,565.19","0.12K","-2.99%"
"Mar 19, 2020","1,620.25","1,625.00","1,642.50","1,595.53","-","-1.25%"
"Mar 18, 2020","1,640.75","1,624.75","1,643.50","1,614.50","-","-0.17%"
"Mar 17, 2020","1,643.50","1,646.24","1,670.75","1,636.50","-","-1.63%"
"Mar 16, 2020","1,670.75","1,680.75","1,682.50","1,666.30","0.30K","-0.25%"
"Mar 13, 2020","1,675.00","1,672.00","1,674.19","1,640.25","-","2.12%"
"Mar 12, 2020","1,640.25","1,648.25","1,662.50","1,643.25","-","-1.34%"
"Mar 11, 2020","1,662.50","1,661.38","1,685.13","1,658.75","-","-1.23%"
"Mar 10, 2020","1,683.25","1,671.50","1,688.00","1,671.50","-","0.70%"
"Mar 09, 2020","1,671.50","1,673.00","1,676.75","1,668.25","0.36K","0.19%"
"Mar 06, 2020","1,668.25","1,669.75","1,705.50","1,669.25","-","-2.41%"
"Mar 05, 2020","1,709.50","1,709.25","1,722.00","1,706.75","-","-0.73%"
"Mar 04, 2020","1,722.00","1,721.00","1,723.90","1,718.75","0.20K","0.42%"
"Mar 03, 2020","1,714.75","1,711.50","1,726.00","1,685.50","0.55K","0.32%"
"Mar 02, 2020","1,709.25","1,711.50","1,712.00","1,685.50","-","1.41%"
"Feb 28, 2020","1,685.50","1,685.25","1,696.63","1,667.93","-","0.33%"
"Feb 27, 2020","1,680.00","1,679.25","1,686.75","1,673.75","-","-0.36%"
"Feb 26, 2020","1,686.00","1,690.00","1,694.50","1,687.50","-","-0.49%"
"Feb 25, 2020","1,694.25","1,691.25","1,698.25","1,687.25","0.13K","0.41%"
"Feb 24, 2020","1,687.25","1,687.75","1,702.00","1,684.25","-","-0.82%"
"Feb 21, 2020","1,701.25","1,699.05","1,701.50","1,693.05","-","0.15%"
"Feb 20, 2020","1,698.75","1,699.75","1,708.00","1,696.00","-","-0.35%"
"Feb 19, 2020","1,704.75","1,708.13","1,710.75","1,700.25","-","0.01%"
"Feb 18, 2020","1,704.50","1,702.88","1,708.25","1,701.82","0.42K","-0.10%"
"Feb 17, 2020","1,706.25","1,703.00","1,706.50","1,701.50","-","-0.10%"
"Feb 14, 2020","1,708.00","1,697.50","1,722.75","1,695.25","-","-0.86%"
"Feb 13, 2020","1,722.75","1,728.25","1,732.00","1,714.55","-","0.47%"
"Feb 12, 2020","1,714.75","1,714.50","1,715.75","1,712.75","-","0.10%"
"Feb 11, 2020","1,713.00","1,678.50","1,715.50","1,678.50","-","2.06%"
"Feb 10, 2020","1,678.50","1,683.75","1,703.50","1,677.72","-","-1.45%"
"Feb 07, 2020","1,703.25","1,699.25","1,716.25","1,693.63","-","-0.76%"
"Feb 06, 2020","1,716.25","1,718.75","1,720.28","1,696.00","-","1.19%"
"Feb 05, 2020","1,696.00","1,697.88","1,703.13","1,663.75","-","1.94%"
"Feb 04, 2020","1,663.75","1,677.50","1,685.50","1,664.25","-","-0.08%"
"Feb 03, 2020","1,665.00","1,679.00","1,703.50","1,667.75","-","-2.26%"
"Jan 31, 2020","1,703.50","1,706.75","1,714.50","1,703.75","-","-0.64%"
"Jan 30, 2020","1,714.50","1,714.25","1,722.75","1,711.25","-","-0.44%"
"Jan 29, 2020","1,722.00","1,727.25","1,737.00","1,721.00","-","-0.78%"
"Jan 28, 2020","1,735.50","1,739.25","1,749.75","1,737.75","-","-0.81%"
"Jan 27, 2020","1,749.75","1,766.00","1,766.00","1,748.75","-","-0.92%"
"Jan 24, 2020","1,766.00","1,769.88","1,780.38","1,765.50","-","-0.79%"
"Jan 23, 2020","1,780.00","1,774.00","1,795.25","1,773.75","-","-0.85%"
"Jan 22, 2020","1,795.25","1,797.75","1,811.50","1,797.00","-","-0.90%"
"Jan 21, 2020","1,811.50","1,801.50","1,814.13","1,790.75","0.07K","0.69%"
"Jan 20, 2020","1,799.00","1,801.50","1,802.25","1,790.75","-","0.46%"
"Jan 17, 2020","1,790.75","1,792.50","1,798.75","1,790.25","-","-0.38%"
"Jan 16, 2020","1,797.50","1,792.25","1,795.75","1,784.00","-","0.76%"
"Jan 15, 2020","1,784.00","1,784.75","1,792.25","1,783.98","-","-0.46%"
"Jan 14, 2020","1,792.25","1,780.68","1,793.50","1,775.25","0.11K","0.63%"
"Jan 13, 2020","1,781.00","1,780.68","1,790.25","1,779.13","-","-0.52%"
"Jan 10, 2020","1,790.25","1,782.75","1,784.00","1,775.75","-","0.80%"
"Jan 09, 2020","1,776.00","1,774.80","1,776.80","1,771.00","-","0.28%"
"Jan 08, 2020","1,771.00","1,770.63","1,788.50","1,770.63","-","-0.98%"
"Jan 07, 2020","1,788.50","1,788.25","1,805.50","1,787.33","-","-0.94%"
"Jan 06, 2020","1,805.50","1,805.25","1,808.00","1,798.75","-","0.38%"
"Jan 03, 2020","1,798.75","1,782.50","1,806.25","1,764.25","0.10K","0.97%"
"Jan 02, 2020","1,781.50","1,782.50","1,789.25","1,775.41","-","-0.43%"
"Dec 31, 2019","1,789.25","1,788.25","1,807.50","1,785.00","-","-1.01%"
"Dec 30, 2019","1,807.50","1,808.25","1,810.25","1,806.47","-","-0.04%"
"Dec 27, 2019","1,808.25","1,804.93","1,809.25","1,798.00","-","0.57%"
"Dec 24, 2019","1,798.00","1,802.01","1,802.26","1,786.25","-","0.66%"
"Dec 23, 2019","1,786.25","1,789.50","1,790.25","1,782.00","-","0.24%"
"Dec 20, 2019","1,782.00","1,785.25","1,785.50","1,779.25","-","0.14%"
"Dec 19, 2019","1,779.50","1,784.25","1,785.75","1,758.75","-","1.18%"
"Dec 18, 2019","1,758.75","1,749.20","1,764.88","1,745.63","0.48K","0.72%"
"Dec 17, 2019","1,746.25","1,749.20","1,761.00","1,746.75","-","-0.81%"
"Dec 16, 2019","1,760.50","1,759.50","1,762.25","1,750.00","-","0.60%"
"Dec 13, 2019","1,750.00","1,753.75","1,763.93","1,753.25","-","-0.74%"
"Dec 12, 2019","1,763.00","1,765.25","1,770.75","1,753.50","-","0.54%"
"Dec 11, 2019","1,753.50","1,758.50","1,759.51","1,751.75","-","0.10%"
"Dec 10, 2019","1,751.75","1,751.75","1,755.00","1,750.25","-","-0.19%"
"Dec 09, 2019","1,755.00","1,758.00","1,766.93","1,755.75","-","-0.52%"
"Dec 06, 2019","1,764.25","1,756.00","1,765.25","1,746.25","0.30K","1.00%"
"Dec 05, 2019","1,746.75","1,751.75","1,763.00","1,748.50","0.19K","-0.92%"
"Dec 04, 2019","1,763.00","1,765.17","1,771.88","1,759.25","0.63K","-0.42%"
"Dec 03, 2019","1,770.50","1,777.75","1,801.25","1,776.91","-","-1.71%"
"Dec 02, 2019","1,801.25","1,799.75","1,802.00","1,780.00","0.22K","1.19%"
"Nov 29, 2019","1,780.00","1,767.75","1,775.00","1,757.25","-","1.29%"
"Nov 28, 2019","1,757.25","1,768.25","1,770.00","1,760.78","-","-0.72%"
"Nov 27, 2019","1,770.00","1,768.25","1,780.50","1,758.00","-","0.68%"
"Nov 26, 2019","1,758.00","1,764.00","1,774.00","1,741.25","-","0.96%"
"Nov 25, 2019","1,741.25","1,746.75","1,749.75","1,743.50","-","-0.33%"
"Nov 22, 2019","1,747.00","1,747.75","1,748.88","1,741.50","-","0.32%"
"Nov 21, 2019","1,741.50","1,749.75","1,751.75","1,741.50","-","-0.37%"
"Nov 20, 2019","1,748.00","1,749.50","1,751.50","1,736.75","-","0.65%"
"Nov 19, 2019","1,736.75","1,742.75","1,743.75","1,736.25","0.65K","-0.39%"
"Nov 18, 2019","1,743.50","1,748.50","1,763.00","1,744.50","-","-1.11%"
"Nov 15, 2019","1,763.00","1,754.50","1,754.75","1,738.50","-","1.41%"
"Nov 14, 2019","1,738.50","1,748.75","1,767.50","1,743.00","-","-1.64%"
"Nov 13, 2019","1,767.50","1,769.00","1,780.50","1,767.18","-","-0.73%"
"Nov 12, 2019","1,780.50","1,786.00","1,789.00","1,783.00","-","-0.24%"
"Nov 11, 2019","1,784.75","1,792.50","1,820.25","1,790.75","-","-1.95%"
"Nov 08, 2019","1,820.25","1,821.50","1,827.84","1,820.50","-","-0.38%"
"Nov 07, 2019","1,827.25","1,824.25","1,827.38","1,821.75","-","0.30%"
"Nov 06, 2019","1,821.75","1,817.00","1,823.00","1,815.25","-","-0.07%"
"Nov 05, 2019","1,823.00","1,821.00","1,828.27","1,820.70","-","-0.26%"
"Nov 04, 2019","1,827.75","1,824.75","1,826.75","1,798.00","-","1.65%"
"Nov 01, 2019","1,798.00","1,792.25","1,796.25","1,761.50","-","2.07%"
"Oct 31, 2019","1,761.50","1,761.75","1,766.00","1,751.00","-","-0.25%"
"Oct 30, 2019","1,766.00","1,760.85","1,768.00","1,758.60","-","0.24%"
"Oct 29, 2019","1,761.75","1,757.25","1,757.88","1,740.75","-","1.21%"
"Oct 28, 2019","1,740.75","1,743.00","1,743.63","1,733.50","-","0.42%"
"Oct 25, 2019","1,733.50","1,736.75","1,737.25","1,725.65","-","0.35%"
"Oct 24, 2019","1,727.50","1,733.50","1,733.50","1,724.75","-","-0.35%"
"Oct 23, 2019","1,733.50","1,731.00","1,734.50","1,723.25","-","0.59%"
"Oct 22, 2019","1,723.25","1,723.75","1,734.00","1,723.75","-","-0.62%"
"Oct 21, 2019","1,734.00","1,733.75","1,746.50","1,733.50","-","-0.72%"
"Oct 18, 2019","1,746.50","1,745.50","1,747.50","1,736.25","-","0.59%"
"Oct 17, 2019","1,736.25","1,734.25","1,735.50","1,734.25","-","0.04%"
"Oct 16, 2019","1,735.50","1,728.75","1,730.75","1,723.93","-","0.29%"
"Oct 15, 2019","1,730.50","1,729.25","1,732.13","1,720.58","-","0.51%"
"Oct 14, 2019","1,721.75","1,723.50","1,727.25","1,723.08","-","0.45%"
"Oct 11, 2019","1,714.00","1,714.50","1,745.75","1,714.00","-","-1.82%"
"Oct 10, 2019","1,745.75","1,746.75","1,747.05","1,737.50","-","0.47%"
"Oct 09, 2019","1,737.50","1,718.75","1,744.75","1,718.75","-","-0.42%"
"Oct 08, 2019","1,744.75","1,746.75","1,746.75","1,736.70","-","0.20%"
"Oct 07, 2019","1,741.25","1,739.00","1,739.75","1,708.25","-","1.93%"
"Oct 04, 2019","1,708.25","1,705.75","1,707.38","1,705.25","-","0.18%"
"Oct 03, 2019","1,705.25","1,702.50","1,702.75","1,689.75","-","0.92%"
"Oct 02, 2019","1,689.75","1,697.75","1,726.25","1,691.75","-","-2.11%"
"Oct 01, 2019","1,726.25","1,725.75","1,725.75","1,707.50","-","1.10%"
"Sep 30, 2019","1,707.50","1,706.50","1,722.75","1,706.00","-","-0.89%"
"Sep 27, 2019","1,722.75","1,729.13","1,729.38","1,719.92","-","-0.13%"
"Sep 26, 2019","1,725.00","1,725.25","1,738.75","1,723.90","-","-0.79%"
"Sep 25, 2019","1,738.75","1,741.25","1,751.00","1,740.25","-","-0.70%"
"Sep 24, 2019","1,751.00","1,754.00","1,776.25","1,754.00","-","-1.42%"
"Sep 23, 2019","1,776.25","1,768.00","1,785.50","1,768.00","-","-0.52%"
"Sep 20, 2019","1,785.50","1,775.25","1,788.00","1,775.25","-","-0.14%"
"Sep 19, 2019","1,788.00","1,781.50","1,781.50","1,767.25","-","1.17%"
"Sep 18, 2019","1,767.25","1,774.50","1,776.87","1,767.75","-","-0.41%"
"Sep 17, 2019","1,774.50","1,769.00","1,793.25","1,759.75","0.19K","0.74%"
"Sep 16, 2019","1,761.50","1,769.00","1,791.25","1,768.75","-","-1.66%"
"Sep 13, 2019","1,791.25","1,782.25","1,782.25","1,772.50","-","1.06%"
"Sep 12, 2019","1,772.50","1,768.75","1,800.00","1,768.75","-","-1.53%"
"Sep 11, 2019","1,800.00","1,796.00","1,805.45","1,794.75","-","0.06%"
"Sep 10, 2019","1,799.00","1,798.50","1,799.93","1,777.75","-","1.20%"
"Sep 09, 2019","1,777.75","1,778.75","1,778.75","1,769.25","-","0.48%"
"Sep 06, 2019","1,769.25","1,762.50","1,770.25","1,762.00","-","0.35%"
"Sep 05, 2019","1,763.00","1,762.75","1,767.43","1,754.00","-","0.51%"
"Sep 04, 2019","1,754.00","1,749.50","1,754.25","1,732.25","-","1.26%"
"Sep 03, 2019","1,732.25","1,734.25","1,734.25","1,727.58","0.07K","0.19%"
"Sep 02, 2019","1,729.00","1,729.25","1,732.50","1,728.50","-","-0.20%"
"Aug 30, 2019","1,732.50","1,731.25","1,732.05","1,730.55","-","0.07%"
"Aug 29, 2019","1,731.25","1,733.25","1,733.25","1,724.88","-","0.36%"
"Aug 28, 2019","1,725.00","1,730.25","1,742.75","1,728.00","-","-1.02%"
"Aug 27, 2019","1,742.75","1,742.50","1,754.25","1,742.50","-","-0.66%"
"Aug 23, 2019","1,754.25","1,752.75","1,753.75","1,750.00","-","0.24%"
"Aug 22, 2019","1,750.00","1,751.75","1,763.25","1,747.00","-","-0.75%"
"Aug 21, 2019","1,763.25","1,764.75","1,776.75","1,758.00","0.05K","-0.11%"
"Aug 20, 2019","1,765.25","1,764.75","1,776.75","1,764.50","-","-0.65%"
"Aug 19, 2019","1,776.75","1,760.00","1,789.50","1,760.00","0.25K","0.95%"
"Aug 16, 2019","1,760.00","1,761.50","1,761.88","1,751.75","-","0.47%"
"Aug 15, 2019","1,751.75","1,756.25","1,756.25","1,746.75","-","0.29%"
"Aug 14, 2019","1,746.75","1,758.00","1,758.00","1,748.00","-","-0.63%"
"Aug 13, 2019","1,757.75","1,745.75","1,764.88","1,734.25","0.21K","0.85%"
"Aug 12, 2019","1,743.00","1,745.75","1,749.16","1,745.75","-","-0.26%"
"Aug 09, 2019","1,747.50","1,751.25","1,754.75","1,747.25","-","-0.41%"
"Aug 08, 2019","1,754.75","1,756.00","1,756.25","1,722.75","-","1.86%"
"Aug 07, 2019","1,722.75","1,739.50","1,739.50","1,734.78","-","-0.89%"
"Aug 06, 2019","1,738.25","1,743.00","1,746.82","1,739.50","-","-0.29%"
"Aug 05, 2019","1,743.25","1,746.25","1,750.50","1,743.13","-","-0.41%"
"Aug 02, 2019","1,750.50","1,756.00","1,762.50","1,752.75","-","-0.68%"
"Aug 01, 2019","1,762.50","1,759.50","1,782.25","1,759.50","-","-1.11%"
"Jul 31, 2019","1,782.25","1,788.00","1,799.00","1,780.25","0.06K","-0.25%"
"Jul 30, 2019","1,786.75","1,788.00","1,788.58","1,788.00","-","-0.54%"
"Jul 29, 2019","1,796.50","1,790.00","1,801.00","1,780.25","0.02K","0.55%"
"Jul 26, 2019","1,786.75","1,784.25","1,808.25","1,783.89","-","-1.19%"
"Jul 25, 2019","1,808.25","1,808.50","1,808.50","1,808.00","-","-0.01%"
"Jul 24, 2019","1,808.50","1,808.25","1,809.00","1,798.75","-","0.54%"
"Jul 23, 2019","1,798.75","1,805.00","1,805.00","1,799.75","-","-0.06%"
"Jul 22, 2019","1,799.75","1,797.00","1,831.00","1,797.00","-","-1.88%"
"Jul 19, 2019","1,834.25","1,842.50","1,855.25","1,834.50","0.14K","-0.52%"
"Jul 18, 2019","1,843.75","1,842.50","1,846.00","1,839.00","-","0.26%"
"Jul 17, 2019","1,839.00","1,839.75","1,842.50","1,833.26","-","-0.14%"
"Jul 16, 2019","1,841.50","1,835.25","1,842.00","1,834.25","-","0.40%"
"Jul 15, 2019","1,834.25","1,834.00","1,834.00","1,813.25","-","1.75%"
"Jul 12, 2019","1,802.75","1,809.00","1,809.00","1,802.50","-","-0.32%"
"Jul 11, 2019","1,808.50","1,807.00","1,835.50","1,807.00","-","-1.47%"
"Jul 10, 2019","1,835.50","1,839.00","1,839.25","1,809.50","-","1.44%"
"Jul 09, 2019","1,809.50","1,803.00","1,804.75","1,792.50","-","0.95%"
"Jul 08, 2019","1,792.50","1,789.50","1,793.38","1,787.00","-","0.31%"
"Jul 05, 2019","1,787.00","1,784.25","1,787.75","1,784.00","-","-0.04%"
"Jul 04, 2019","1,787.75","1,789.75","1,789.75","1,780.85","-","0.99%"
"Jul 03, 2019","1,770.25","1,770.00","1,770.00","1,761.75","-","0.48%"
"Jul 02, 2019","1,761.75","1,760.50","1,775.00","1,760.50","-","-0.75%"
"Jul 01, 2019","1,775.00","1,774.50","1,782.25","1,774.50","-","-0.41%"
"Jun 28, 2019","1,782.25","1,775.88","1,782.88","1,772.38","-","0.55%"
"Jun 27, 2019","1,772.50","1,779.63","1,802.38","1,772.88","-","-1.65%"
"Jun 26, 2019","1,802.25","1,796.00","1,814.25","1,776.00","0.43K","0.28%"
"Jun 25, 2019","1,797.25","1,796.00","1,796.00","1,776.00","-","1.20%"
"Jun 24, 2019","1,776.00","1,750.75","1,784.75","1,749.50","0.01K","1.47%"
"Jun 21, 2019","1,750.25","1,751.50","1,751.50","1,749.75","-","-0.81%"
"Jun 20, 2019","1,764.50","1,764.75","1,767.00","1,763.75","-","-0.14%"
"Jun 19, 2019","1,767.00","1,759.50","1,769.18","1,759.50","-","0.30%"
"Jun 18, 2019","1,761.75","1,760.25","1,762.50","1,739.75","-","1.35%"
"Jun 17, 2019","1,738.25","1,739.00","1,745.50","1,733.00","-","0.27%"
"Jun 14, 2019","1,733.50","1,728.75","1,757.00","1,728.75","-","-1.34%"
"Jun 13, 2019","1,757.00","1,758.75","1,762.25","1,751.00","-","-0.30%"
"Jun 12, 2019","1,762.25","1,751.75","1,766.00","1,742.75","0.01K","0.59%"
"Jun 11, 2019","1,752.00","1,751.75","1,756.10","1,749.25","-","0.17%"
"Jun 10, 2019","1,749.00","1,751.00","1,751.00","1,737.50","-","0.66%"
"Jun 07, 2019","1,737.50","1,734.75","1,750.75","1,734.75","-","-0.76%"
"Jun 06, 2019","1,750.75","1,749.50","1,751.25","1,745.75","-","0.11%"
"Jun 05, 2019","1,748.75","1,746.75","1,766.25","1,746.75","-","-0.99%"
"Jun 04, 2019","1,766.25","1,766.75","1,766.75","1,757.75","-","0.48%"
"Jun 03, 2019","1,757.75","1,754.50","1,775.00","1,754.50","-","-1.11%"
"May 31, 2019","1,777.50","1,776.00","1,783.40","1,763.50","-","0.79%"
"May 30, 2019","1,763.50","1,761.25","1,774.25","1,761.13","-","-0.61%"
"May 29, 2019","1,774.25","1,776.00","1,786.50","1,773.93","-","-0.69%"
"May 28, 2019","1,786.50","1,783.75","1,787.00","1,780.00","-","0.37%"
"May 24, 2019","1,780.00","1,781.00","1,781.75","1,776.25","-","0.21%"
"May 23, 2019","1,776.25","1,776.25","1,776.25","1,757.50","-","1.07%"
"May 22, 2019","1,757.50","1,757.75","1,775.25","1,757.75","-","-1.00%"
"May 21, 2019","1,775.25","1,775.75","1,779.25","1,773.83","-","-0.13%"
"May 20, 2019","1,777.50","1,771.25","1,819.00","1,771.25","-","-2.28%"
"May 17, 2019","1,819.00","1,833.25","1,855.25","1,809.25","0.03K","-1.29%"
"May 16, 2019","1,842.75","1,833.25","1,853.25","1,819.74","0.13K","0.30%"
"May 15, 2019","1,837.25","1,833.25","1,837.25","1,819.74","-","0.59%"
"May 14, 2019","1,826.50","1,821.00","1,826.25","1,790.50","-","2.01%"
"May 13, 2019","1,790.50","1,796.00","1,796.00","1,787.60","-","0.75%"
"May 10, 2019","1,777.25","1,785.50","1,785.50","1,768.75","-","0.48%"
"May 09, 2019","1,768.75","1,770.50","1,772.71","1,768.00","-","0.04%"
"May 08, 2019","1,768.00","1,770.50","1,788.50","1,770.00","-","-1.15%"
"May 07, 2019","1,788.50","1,792.25","1,792.25","1,769.50","-","1.07%"
"May 03, 2019","1,769.50","1,790.50","1,790.50","1,769.75","-","-1.17%"
"May 02, 2019","1,790.50","1,800.25","1,818.25","1,773.00","0.04K","-0.03%"
"May 01, 2019","1,791.00","1,800.25","1,800.25","1,773.00","-","1.02%"
"Apr 30, 2019","1,773.00","1,782.50","1,803.75","1,773.00","-","-1.70%"
"Apr 29, 2019","1,803.75","1,808.25","1,818.00","1,808.25","-","-0.78%"
"Apr 26, 2019","1,818.00","1,828.50","1,839.00","1,818.75","-","-1.14%"
"Apr 25, 2019","1,839.00","1,839.50","1,854.00","1,838.25","-","-0.81%"
"Apr 24, 2019","1,854.00","1,853.75","1,854.50","1,847.50","-","0.35%"
"Apr 23, 2019","1,847.50","1,848.75","1,859.08","1,848.75","-","-0.15%"
"Apr 18, 2019","1,850.25","1,851.25","1,851.25","1,832.75","-","0.95%"
"Apr 17, 2019","1,832.75","1,834.25","1,849.18","1,832.50","-","-0.27%"
"Apr 16, 2019","1,837.75","1,835.25","1,845.00","1,834.13","-","-0.39%"
"Apr 15, 2019","1,845.00","1,845.00","1,846.00","1,844.50","-","0.03%"
"Apr 12, 2019","1,844.50","1,845.00","1,845.00","1,839.28","-","0.18%"
"Apr 11, 2019","1,841.25","1,837.25","1,842.00","1,837.25","-","-0.04%"
"Apr 10, 2019","1,842.00","1,855.50","1,861.75","1,838.25","0.25K","-0.67%"
"Apr 09, 2019","1,854.50","1,855.50","1,856.00","1,848.25","-","0.34%"
"Apr 08, 2019","1,848.25","1,849.75","1,869.25","1,849.75","-","-1.83%"
"Apr 05, 2019","1,882.75","1,908.00","1,914.75","1,880.25","-","0.28%"
"Apr 04, 2019","1,877.50","1,876.25","1,891.25","1,869.50","0.00K","-0.05%"
"Apr 03, 2019","1,878.50","1,876.25","1,877.25","1,869.50","-","0.48%"
"Apr 02, 2019","1,869.50","1,867.25","1,883.00","1,867.25","-","-0.72%"
"Apr 01, 2019","1,883.00","1,880.50","1,908.01","1,880.50","-","-0.91%"
"Mar 29, 2019","1,900.25","1,904.75","1,911.58","1,893.75","-","0.34%"
"Mar 28, 2019","1,893.75","1,896.00","1,902.50","1,894.50","-","-0.46%"
"Mar 27, 2019","1,902.50","1,895.75","1,904.80","1,875.75","-","1.43%"
"Mar 26, 2019","1,875.75","1,882.25","1,886.50","1,864.98","-","0.56%"
"Mar 25, 2019","1,865.25","1,871.25","1,888.00","1,868.25","-","-1.20%"
"Mar 22, 2019","1,888.00","1,887.75","1,889.00","1,880.78","-","0.15%"
"Mar 21, 2019","1,885.25","1,890.50","1,926.00","1,888.25","0.79K","-2.12%"
"Mar 20, 2019","1,926.00","1,922.00","1,935.96","1,921.00","-","-0.49%"
"Mar 19, 2019","1,935.50","1,929.50","1,936.00","1,908.63","-","1.27%"
"Mar 18, 2019","1,911.25","1,916.00","1,918.50","1,886.75","-","1.31%"
"Mar 15, 2019","1,886.50","1,875.75","1,878.25","1,868.65","-","0.44%"
"Mar 14, 2019","1,878.25","1,884.75","1,884.75","1,880.15","-","-0.27%"
"Mar 13, 2019","1,883.25","1,883.75","1,885.50","1,850.00","-","1.80%"
"Mar 12, 2019","1,850.00","1,854.00","1,855.25","1,819.75","-","1.66%"
"Mar 11, 2019","1,819.75","1,825.00","1,845.75","1,819.75","-","-1.38%"
"Mar 08, 2019","1,845.25","1,840.50","1,847.50","1,839.50","-","0.29%"
"Mar 07, 2019","1,840.00","1,836.50","1,842.75","1,836.25","-","-0.15%"
"Mar 06, 2019","1,842.75","1,838.50","1,851.75","1,836.75","-","-0.49%"
"Mar 05, 2019","1,851.75","1,851.00","1,857.67","1,849.50","-","-0.18%"
"Mar 04, 2019","1,855.00","1,850.25","1,900.75","1,848.25","-","-2.41%"
"Mar 01, 2019","1,900.75","1,893.00","1,902.00","1,887.88","-","0.32%"
"Feb 28, 2019","1,894.75","1,891.00","1,905.25","1,888.50","-","-0.51%"
"Feb 27, 2019","1,904.50","1,905.25","1,912.00","1,893.75","-","0.61%"
"Feb 26, 2019","1,893.00","1,896.25","1,899.25","1,880.99","0.16K","0.24%"
"Feb 25, 2019","1,888.50","1,889.25","1,899.00","1,885.25","-","-0.47%"
"Feb 22, 2019","1,897.50","1,899.00","1,905.93","1,892.25","-","0.22%"
"Feb 21, 2019","1,893.25","1,895.25","1,895.75","1,855.00","-","2.06%"
"Feb 20, 2019","1,855.00","1,858.50","1,859.75","1,840.00","-","0.82%"
"Feb 19, 2019","1,840.00","1,841.25","1,847.50","1,836.74","-","0.12%"
"Feb 18, 2019","1,837.75","1,837.25","1,843.25","1,834.25","-","0.66%"
"Feb 15, 2019","1,825.75","1,830.25","1,834.88","1,820.25","0.10K","0.23%"
"Feb 14, 2019","1,821.50","1,827.25","1,836.50","1,823.25","-","-0.82%"
"Feb 13, 2019","1,836.50","1,836.50","1,848.91","1,834.50","-","-0.01%"
"Feb 12, 2019","1,836.75","1,831.38","1,860.75","1,831.13","-","-1.29%"
"Feb 11, 2019","1,860.75","1,859.75","1,863.25","1,846.54","-","-1.01%"
"Feb 08, 2019","1,879.75","1,891.50","1,907.25","1,876.25","-","0.09%"
"Feb 07, 2019","1,878.00","1,874.38","1,890.00","1,873.63","-","-0.63%"
"Feb 06, 2019","1,890.00","1,912.88","1,919.50","1,886.25","0.07K","-0.90%"
"Feb 05, 2019","1,907.25","1,912.88","1,914.38","1,903.50","-","0.20%"
"Feb 04, 2019","1,903.50","1,900.50","1,905.00","1,867.25","-","1.94%"
"Feb 01, 2019","1,867.25","1,867.25","1,901.00","1,864.75","-","-1.78%"
"Jan 31, 2019","1,901.00","1,900.75","1,906.00","1,897.25","-","0.07%"
"Jan 30, 2019","1,899.75","1,894.00","1,900.00","1,882.25","-","0.93%"
"Jan 29, 2019","1,882.25","1,887.00","1,888.00","1,856.50","-","1.39%"
"Jan 28, 2019","1,856.50","1,864.25","1,912.75","1,857.75","-","-2.94%"
"Jan 25, 2019","1,912.75","1,907.00","1,914.50","1,884.75","-","1.49%"
"Jan 24, 2019","1,884.75","1,886.00","1,907.25","1,869.00","-","-1.18%"
"Jan 23, 2019","1,907.25","1,898.00","1,910.55","1,883.50","-","1.26%"
"Jan 22, 2019","1,883.50","1,892.50","1,894.75","1,850.50","0.02K","1.78%"
"Jan 21, 2019","1,850.50","1,846.25","1,867.75","1,845.25","-","-1.04%"
"Jan 18, 2019","1,870.00","1,865.00","1,866.50","1,853.25","-","0.90%"
"Jan 17, 2019","1,853.25","1,851.13","1,856.13","1,828.38","-","0.05%"
"Jan 16, 2019","1,852.25","1,854.00","1,868.46","1,836.00","-","0.65%"
"Jan 15, 2019","1,840.25","1,845.75","1,847.50","1,818.00","-","1.22%"
"Jan 14, 2019","1,818.00","1,820.25","1,825.25","1,814.22","0.38K","0.25%"
"Jan 11, 2019","1,813.50","1,818.75","1,840.75","1,812.00","-","-1.48%"
"Jan 10, 2019","1,840.75","1,835.00","1,839.25","1,829.75","-","0.52%"
"Jan 09, 2019","1,831.25","1,830.75","1,847.40","1,826.00","-","-0.60%"
"Jan 08, 2019","1,842.25","1,842.25","1,860.25","1,840.50","-","-0.97%"
"Jan 07, 2019","1,860.25","1,859.50","1,864.00","1,850.25","-","0.54%"
"Jan 04, 2019","1,850.25","1,855.50","1,858.25","1,817.50","-","1.80%"
"Jan 03, 2019","1,817.50","1,822.50","1,825.00","1,773.00","-","2.51%"
"Jan 02, 2019","1,773.00","1,777.75","1,822.75","1,764.00","-","-2.73%"
"Dec 31, 2018","1,822.75","1,827.75","1,830.50","1,816.75","-","-0.26%"
"Dec 27, 2018","1,827.50","1,834.75","1,869.75","1,831.50","-","-2.26%"
"Dec 24, 2018","1,869.75","1,860.75","1,885.75","1,858.75","-","-0.85%"
"Dec 21, 2018","1,885.75","1,885.00","1,891.90","1,883.50","-","-0.13%"
"Dec 20, 2018","1,888.25","1,891.00","1,903.50","1,887.63","-","-0.75%"
"Dec 19, 2018","1,902.50","1,889.25","1,905.81","1,881.50","-","0.14%"
"Dec 18, 2018","1,899.75","1,901.38","1,917.38","1,900.63","-","-0.96%"
"Dec 17, 2018","1,918.25","1,914.13","1,918.00","1,902.25","-","0.89%"
"Dec 14, 2018","1,901.25","1,908.50","1,915.33","1,906.18","-","-0.72%"
"Dec 13, 2018","1,915.00","1,921.25","1,925.25","1,915.00","-","-0.53%"
"Dec 12, 2018","1,925.25","1,927.00","1,931.63","1,926.25","-","-0.32%"
"Dec 11, 2018","1,931.50","1,933.50","1,952.90","1,928.50","-","-0.12%"
"Dec 10, 2018","1,933.75","1,933.75","1,956.50","1,933.75","-","-1.16%"
"Dec 07, 2018","1,956.50","1,969.75","1,972.18","1,943.00","-","0.69%"
"Dec 06, 2018","1,943.00","1,949.00","1,978.50","1,945.75","0.45K","-1.73%"
"Dec 05, 2018","1,977.25","1,979.25","1,981.50","1,975.75","-","-0.20%"
"Dec 04, 2018","1,981.25","1,976.25","1,987.86","1,971.00","-","-0.03%"
"Dec 03, 2018","1,981.75","1,981.25","1,990.90","1,966.75","-","0.76%"
"Nov 30, 2018","1,966.75","1,962.25","1,965.00","1,945.72","0.20K","1.03%"
"Nov 29, 2018","1,946.75","1,936.75","1,945.75","1,936.75","-","0.52%"
"Nov 28, 2018","1,936.75","1,937.00","1,939.75","1,927.90","0.21K","0.25%"
"Nov 27, 2018","1,932.00","1,922.75","1,952.25","1,921.75","-","-1.05%"
"Nov 26, 2018","1,952.50","1,949.75","1,954.00","1,941.50","-","0.06%"
"Nov 23, 2018","1,951.25","1,948.25","1,952.50","1,940.25","-","0.05%"
"Nov 22, 2018","1,950.25","1,955.75","1,958.25","1,953.00","-","-0.41%"
"Nov 21, 2018","1,958.25","1,960.25","1,961.00","1,944.25","-","0.72%"
"Nov 20, 2018","1,944.25","1,941.50","1,944.00","1,932.50","0.26K","0.61%"
"Nov 19, 2018","1,932.50","1,926.50","1,937.00","1,925.75","-","-0.23%"
"Nov 16, 2018","1,937.00","1,926.75","1,927.25","1,908.50","-","1.49%"
"Nov 15, 2018","1,908.50","1,923.00","1,929.50","1,915.25","-","-1.09%"
"Nov 14, 2018","1,929.50","1,932.00","1,933.75","1,926.00","-","0.18%"
"Nov 13, 2018","1,926.00","1,929.13","1,937.38","1,927.38","-","-0.41%"
"Nov 12, 2018","1,934.00","1,937.00","1,949.75","1,933.00","-","-0.85%"
"Nov 09, 2018","1,950.50","1,949.00","1,984.50","1,948.75","-","-1.71%"
"Nov 08, 2018","1,984.50","1,980.50","1,994.25","1,942.00","0.03K","0.34%"
"Nov 07, 2018","1,977.75","1,980.50","1,982.50","1,942.00","-","1.84%"
"Nov 06, 2018","1,942.00","1,940.75","1,964.00","1,939.25","-","-1.12%"
"Nov 05, 2018","1,964.00","1,968.25","1,970.74","1,963.01","-","-0.23%"
"Nov 02, 2018","1,968.50","1,969.75","1,979.46","1,958.25","-","0.52%"
"Nov 01, 2018","1,958.25","1,964.25","1,975.30","1,947.00","-","0.58%"
"Oct 31, 2018","1,947.00","1,948.25","1,964.51","1,897.50","-","-0.64%"
"Oct 30, 2018","1,959.50","1,975.75","1,975.75","1,957.50","0.03K","-0.82%"
"Oct 29, 2018","1,975.75","1,976.50","1,994.25","1,974.50","-","-0.93%"
"Oct 26, 2018","1,994.25","1,989.75","1,989.75","1,979.11","-","0.43%"
"Oct 25, 2018","1,985.75","1,985.50","1,994.97","1,985.50","-","-0.31%"
"Oct 24, 2018","1,992.00","1,999.25","2,000.00","1,992.50","-","-0.25%"
"Oct 23, 2018","1,997.00","2,009.00","2,009.00","2,004.25","-","-0.65%"
"Oct 22, 2018","2,010.00","2,014.75","2,021.63","2,010.50","-","-0.02%"
"Oct 19, 2018","2,010.50","2,017.25","2,035.25","2,007.50","0.29K","-0.63%"
"Oct 18, 2018","2,023.25","2,017.25","2,030.75","2,016.83","-","-0.37%"
"Oct 17, 2018","2,030.75","2,030.25","2,039.00","2,024.75","-","-0.40%"
"Oct 16, 2018","2,039.00","2,041.50","2,041.50","2,031.00","-","0.39%"
"Oct 15, 2018","2,031.00","2,043.50","2,057.25","2,030.25","0.36K","-0.17%"
"Oct 12, 2018","2,034.50","2,025.50","2,040.43","2,014.50","-","0.99%"
"Oct 11, 2018","2,014.50","2,020.50","2,044.00","2,017.25","-","-1.44%"
"Oct 10, 2018","2,044.00","2,035.50","2,053.00","2,035.50","-","-0.44%"
"Oct 09, 2018","2,053.00","2,053.75","2,067.50","2,053.75","-","-0.70%"
"Oct 08, 2018","2,067.50","2,069.00","2,132.00","2,058.50","-","-3.03%"
"Oct 05, 2018","2,132.00","2,131.75","2,171.50","2,111.25","-","-1.82%"
"Oct 04, 2018","2,171.50","2,171.00","2,205.00","2,159.57","-","-1.52%"
"Oct 03, 2018","2,205.00","2,105.25","2,242.00","2,079.00","0.80K","4.53%"
"Oct 02, 2018","2,109.50","2,105.25","2,113.34","2,079.00","-","1.47%"
"Oct 01, 2018","2,079.00","2,075.50","2,077.75","2,056.00","-","1.12%"
"Sep 28, 2018","2,056.00","2,042.00","2,051.75","2,020.00","-","1.78%"
"Sep 27, 2018","2,020.00","2,014.75","2,053.75","2,014.75","-","-1.64%"
"Sep 26, 2018","2,053.75","2,038.25","2,054.50","2,038.25","-","-0.01%"
"Sep 25, 2018","2,054.00","2,046.50","2,049.59","2,041.50","-","0.61%"
"Sep 24, 2018","2,041.50","2,028.25","2,074.50","2,028.25","-","-1.59%"
"Sep 21, 2018","2,074.50","2,063.00","2,071.50","2,023.50","-","2.52%"
"Sep 20, 2018","2,023.50","2,037.50","2,037.50","2,007.50","-","1.02%"
"Sep 19, 2018","2,003.00","2,005.75","2,012.50","2,000.62","-","-0.47%"
"Sep 18, 2018","2,012.50","2,015.00","2,036.75","2,003.25","0.14K","0.01%"
"Sep 17, 2018","2,012.25","2,015.00","2,022.75","2,012.00","0.56K","0.26%"
"Sep 14, 2018","2,007.00","1,999.00","2,029.00","1,999.00","-","-1.08%"
"Sep 13, 2018","2,029.00","2,010.00","2,030.88","2,010.00","-","0.05%"
"Sep 12, 2018","2,028.00","2,019.75","2,028.50","2,008.50","-","0.97%"
"Sep 11, 2018","2,008.50","2,013.75","2,060.25","2,009.00","-","-2.51%"
"Sep 10, 2018","2,060.25","2,045.50","2,061.00","2,036.25","-","1.18%"
"Sep 07, 2018","2,036.25","2,030.25","2,038.00","2,008.00","-","1.41%"
"Sep 06, 2018","2,008.00","2,021.75","2,044.25","2,015.25","-","-1.77%"
"Sep 05, 2018","2,044.25","2,039.00","2,051.15","2,039.00","-","0.22%"
"Sep 04, 2018","2,039.75","2,041.75","2,076.25","2,040.88","-","-1.76%"
"Sep 03, 2018","2,076.25","2,104.50","2,109.50","2,070.50","0.21K","-1.58%"
"Aug 31, 2018","2,109.50","2,104.00","2,118.25","2,104.00","-","-0.41%"
"Aug 30, 2018","2,118.25","2,114.75","2,156.75","2,112.25","-","-1.79%"
"Aug 29, 2018","2,156.75","2,144.00","2,157.25","2,119.00","-","1.78%"
"Aug 28, 2018","2,119.00","2,118.63","2,119.13","2,080.38","0.80K","1.79%"
"Aug 24, 2018","2,081.75","2,073.25","2,082.85","2,061.75","-","0.97%"
"Aug 23, 2018","2,061.75","2,058.50","2,061.50","2,052.00","-","0.48%"
"Aug 22, 2018","2,052.00","2,051.75","2,052.25","2,041.50","-","0.51%"
"Aug 21, 2018","2,041.50","2,052.50","2,052.75","2,042.00","-","-0.12%"
"Aug 20, 2018","2,044.00","2,046.50","2,046.50","2,018.25","-","1.28%"
"Aug 17, 2018","2,018.25","2,023.75","2,038.00","2,020.25","-","-0.97%"
"Aug 16, 2018","2,038.00","2,039.00","2,039.00","2,015.50","-","1.12%"
"Aug 15, 2018","2,015.50","2,019.25","2,064.00","2,017.36","-","-2.35%"
"Aug 14, 2018","2,064.00","2,069.25","2,082.50","2,062.95","-","-0.89%"
"Aug 13, 2018","2,082.50","2,083.25","2,106.00","2,080.84","-","-0.26%"
"Aug 10, 2018","2,088.00","2,066.00","2,089.25","2,062.25","-","1.25%"
"Aug 09, 2018","2,062.25","2,053.00","2,087.75","2,053.00","0.22K","-1.22%"
"Aug 08, 2018","2,087.75","2,084.75","2,091.13","2,017.25","0.03K","3.49%"
"Aug 07, 2018","2,017.25","2,014.50","2,020.50","2,014.50","-","-0.16%"
"Aug 06, 2018","2,020.50","2,028.75","2,028.75","2,022.35","-","0.66%"
"Aug 03, 2018","2,007.25","2,008.50","2,021.50","2,007.50","-","-0.40%"
"Aug 02, 2018","2,015.25","2,022.25","2,022.25","2,019.63","-","-1.02%"
"Aug 01, 2018","2,036.00","2,040.75","2,067.25","2,038.50","-","-1.51%"
"Jul 31, 2018","2,067.25","2,066.25","2,080.50","2,066.25","-","-0.64%"
"Jul 30, 2018","2,080.50","2,065.75","2,081.25","2,058.50","-","1.07%"
"Jul 27, 2018","2,058.50","2,040.00","2,040.00","2,040.00","-","0.27%"
"Jul 26, 2018","2,053.00","2,051.25","2,051.25","2,051.25","-","0.27%"
"Jul 25, 2018","2,047.50","2,049.25","2,049.25","2,049.25","-","-1.18%"
"Jul 24, 2018","2,072.00","2,069.25","2,069.25","2,069.25","-","0.69%"
"Jul 23, 2018","2,057.75","2,061.25","2,061.25","2,061.25","-","1.67%"
"Jul 20, 2018","2,024.00","2,029.25","2,029.25","2,029.25","-","1.87%"
"Jul 19, 2018","1,986.75","1,990.25","1,990.25","1,990.25","-","-1.24%"
"Jul 18, 2018","2,011.75","2,020.75","2,020.75","2,011.25","-","-0.24%"
"Jul 17, 2018","2,016.50","2,017.00","2,017.00","2,017.00","-","-1.13%"
"Jul 16, 2018","2,039.50","2,039.50","2,039.50","2,039.50","-","-1.32%"
"Jul 13, 2018","2,066.75","2,088.50","2,088.50","2,088.50","-","-1.24%"
"Jul 12, 2018","2,092.75","2,081.25","2,081.25","2,081.25","-","-0.37%"
"Jul 11, 2018","2,100.50","2,089.50","2,089.50","2,089.50","-","-0.78%"
"Jul 10, 2018","2,117.00","2,115.75","2,115.75","2,115.75","0.06K","-1.37%"
"Jul 09, 2018","2,146.50","2,135.00","2,151.75","2,135.00","-","1.67%"
"Jul 06, 2018","2,111.25","2,112.00","2,112.00","2,112.00","-","0.30%"
"Jul 05, 2018","2,105.00","2,108.25","2,108.25","2,108.25","-","-0.61%"
"Jul 04, 2018","2,118.00","2,126.25","2,126.25","2,126.25","-","0.59%"
"Jul 03, 2018","2,105.50","2,105.50","2,105.50","2,105.50","-","-1.15%"
"Jul 02, 2018","2,130.00","2,130.00","2,130.00","2,130.00","-","-1.57%"
"Jun 29, 2018","2,164.00","2,175.00","2,194.50","2,155.75","0.48K","-0.79%"
"Jun 28, 2018","2,181.25","2,175.00","2,175.00","2,175.00","-","-0.81%"
"Jun 27, 2018","2,199.00","2,187.50","2,187.50","2,187.50","-","0.98%"
"Jun 26, 2018","2,177.75","2,211.25","2,211.25","2,211.25","-","0.17%"
"Jun 25, 2018","2,174.00","2,168.75","2,168.75","2,168.75","-","-0.88%"
"Jun 22, 2018","2,193.25","2,192.50","2,192.50","2,192.50","-","-0.08%"
"Jun 21, 2018","2,195.00","2,205.00","2,205.00","2,205.00","-","0.57%"
"Jun 20, 2018","2,182.50","2,186.50","2,186.50","2,186.50","-","-0.22%"
"Jun 19, 2018","2,187.25","2,196.25","2,196.25","2,196.25","-","-2.28%"
"Jun 18, 2018","2,238.25","2,248.00","2,248.00","2,248.00","-","1.46%"
"Jun 15, 2018","2,206.00","2,219.50","2,219.50","2,219.50","-","-2.55%"
"Jun 14, 2018","2,263.75","2,263.00","2,263.00","2,263.00","-","-0.94%"
"Jun 13, 2018","2,285.25","2,284.00","2,284.00","2,284.00","-","-1.03%"
"Jun 12, 2018","2,309.00","2,301.00","2,301.00","2,301.00","-","0.04%"
"Jun 11, 2018","2,308.00","2,312.00","2,312.00","2,312.00","-","0.26%"
"Jun 08, 2018","2,302.00","2,308.75","2,308.75","2,308.75","-","-0.31%"
"Jun 07, 2018","2,309.25","2,287.50","2,318.50","2,287.50","-","-1.78%"
"Jun 06, 2018","2,351.00","2,341.25","2,341.25","2,341.25","-","1.48%"
"Jun 05, 2018","2,316.75","2,330.00","2,330.00","2,330.00","-","-0.44%"
"Jun 04, 2018","2,327.00","2,319.75","2,319.75","2,319.75","-","0.39%"
"Jun 01, 2018","2,318.00","2,304.50","2,304.50","2,304.50","-","0.86%"
"May 31, 2018","2,298.25","2,298.25","2,298.25","2,298.25","-","1.04%"
"May 30, 2018","2,274.50","2,272.25","2,272.25","2,272.25","-","-0.16%"
"May 29, 2018","2,278.25","2,274.25","2,279.25","2,274.25","0.53K","0.47%"
"May 25, 2018","2,267.50","2,278.00","2,278.00","2,275.25","-","-1.10%"
"May 24, 2018","2,292.75","2,303.25","2,303.25","2,303.25","-","0.71%"
"May 23, 2018","2,276.50","2,274.50","2,274.50","2,274.50","-","0.05%"
"May 22, 2018","2,275.25","2,273.75","2,280.25","2,273.75","-","-0.68%"
"May 21, 2018","2,290.75","2,288.25","2,288.25","2,288.25","-","0.46%"
"May 18, 2018","2,280.25","2,280.25","2,280.25","2,280.25","-","-1.50%"
"May 17, 2018","2,315.00","2,323.25","2,323.25","2,323.25","-","-1.45%"
"May 16, 2018","2,349.00","2,326.50","2,326.50","2,326.50","-","0.26%"
"May 15, 2018","2,343.00","2,332.00","2,332.00","2,332.00","-","0.56%"
"May 14, 2018","2,330.00","2,318.75","2,322.00","2,318.75","-","2.25%"
"May 11, 2018","2,278.75","2,270.00","2,270.00","2,270.00","-","-2.25%"
"May 10, 2018","2,331.25","2,331.25","2,331.25","2,331.25","-","-1.92%"
"May 09, 2018","2,377.00","2,381.00","2,381.00","2,381.00","-","-0.32%"
"May 08, 2018","2,384.75","2,374.75","2,374.75","2,374.75","-","0.45%"
"May 04, 2018","2,374.00","2,350.25","2,350.25","2,350.25","-","4.35%"
"May 03, 2018","2,275.00","2,280.00","2,280.00","2,280.00","-","-2.49%"
"May 02, 2018","2,333.00","2,325.00","2,328.25","2,325.00","-","2.93%"
"May 01, 2018","2,266.50","2,251.75","2,251.75","2,251.75","-","0.13%"
"Apr 30, 2018","2,263.50","2,263.50","2,263.50","2,263.50","-","1.64%"
"Apr 27, 2018","2,227.00","2,276.25","2,300.50","2,210.25","0.02K","-2.30%"
"Apr 26, 2018","2,279.50","2,279.50","2,279.50","2,279.50","-","1.56%"
"Apr 25, 2018","2,244.50","2,230.50","2,242.75","2,230.50","-","0.90%"
"Apr 24, 2018","2,224.50","2,211.25","2,211.25","2,211.25","-","-3.11%"
"Apr 23, 2018","2,296.00","2,296.00","2,296.00","2,296.00","-","-7.61%"
"Apr 20, 2018","2,485.00","2,491.50","2,491.50","2,491.50","-","-0.54%"
"Apr 19, 2018","2,498.50","2,489.75","2,489.75","2,489.75","-","-1.94%"
"Apr 18, 2018","2,548.00","2,556.00","2,556.00","2,556.00","-","5.64%"
"Apr 17, 2018","2,412.00","2,420.00","2,420.00","2,410.00","-","0.08%"
"Apr 16, 2018","2,410.00","2,389.75","2,389.75","2,389.75","-","5.19%"
"Apr 13, 2018","2,291.00","2,331.25","2,331.25","2,331.25","0.64K","-3.37%"
"Apr 12, 2018","2,371.00","2,289.75","2,332.25","2,289.75","-","5.05%"
"Apr 11, 2018","2,257.00","2,255.25","2,255.25","2,255.25","-","2.21%"
"Apr 10, 2018","2,208.25","2,225.00","2,225.00","2,225.00","-","2.66%"
"Apr 09, 2018","2,151.00","2,117.75","2,117.75","2,117.75","-","6.16%"
"Apr 06, 2018","2,026.25","2,036.50","2,036.50","2,036.50","-","1.73%"
"Apr 05, 2018","1,991.75","1,991.75","1,991.75","1,991.75","-","0.84%"
"Apr 04, 2018","1,975.25","1,975.25","1,975.25","1,975.25","-","0.51%"
"Apr 03, 2018","1,965.25","1,983.00","1,983.00","1,983.00","0.41K","-1.28%"
"Mar 29, 2018","1,990.75","1,990.25","1,990.25","1,990.25","-","-1.04%"
"Mar 28, 2018","2,011.75","2,016.25","2,016.25","2,016.25","-","-0.76%"
"Mar 27, 2018","2,027.25","2,028.50","2,028.50","2,028.50","-","-0.44%"
"Mar 26, 2018","2,036.25","2,034.50","2,034.50","2,034.50","-","-0.02%"
"Mar 23, 2018","2,036.75","2,039.75","2,040.75","2,039.00","-","-1.22%"
"Mar 22, 2018","2,062.00","2,057.75","2,061.25","2,057.25","-","-0.36%"
"Mar 21, 2018","2,069.50","2,067.88","2,080.50","2,050.25","-","0.28%"
"Mar 20, 2018","2,063.75","2,067.88","2,069.13","2,065.13","-","-0.61%"
"Mar 19, 2018","2,076.50","2,077.38","2,079.63","2,075.13","0.11K","0.14%"
"Mar 16, 2018","2,073.50","2,066.25","2,066.25","2,061.75","0.19K","0.45%"
"Mar 15, 2018","2,064.25","2,068.50","2,069.75","2,065.75","-","-0.35%"
"Mar 14, 2018","2,071.50","2,073.25","2,073.75","2,070.00","-","-0.05%"
"Mar 12, 2018","2,072.50","2,079.25","2,079.75","2,075.25","-","-1.52%"
"Mar 09, 2018","2,104.50","2,104.88","2,106.50","2,102.63","0.05K","0.66%"
"Mar 08, 2018","2,090.75","2,094.00","2,094.50","2,091.00","0.11K","0.40%"
"Mar 07, 2018","2,082.50","2,093.00","2,093.25","2,085.75","0.62K","-2.48%"
"Mar 06, 2018","2,135.50","2,131.00","2,135.00","2,130.75","0.34K","-0.12%"
"Mar 05, 2018","2,138.00","2,137.63","2,142.75","2,135.25","0.28K","-0.29%"
"Mar 02, 2018","2,144.25","2,147.50","2,148.00","2,145.00","0.38K","0.05%"
"Mar 01, 2018","2,143.25","2,153.00","2,153.00","2,144.25","-","0.65%"
"Feb 28, 2018","2,129.50","2,126.50","2,127.50","2,121.00","0.39K","-0.47%"
"Feb 27, 2018","2,139.50","2,139.63","2,142.25","2,139.38","-","0.39%"
"Feb 26, 2018","2,131.25","2,133.00","2,134.50","2,132.25","-","-0.13%"
"Feb 23, 2018","2,134.00","2,144.50","2,145.25","2,143.25","0.85K","-2.18%"
"Feb 22, 2018","2,181.50","2,187.00","2,188.00","2,181.25","0.43K","-0.81%"
"Feb 21, 2018","2,199.25","2,206.50","2,208.75","2,200.00","-","0.61%"
"Feb 20, 2018","2,186.00","2,184.00","2,186.00","2,183.25","-","-1.26%"
"Feb 19, 2018","2,214.00","2,206.25","2,210.50","2,199.25","-","0.32%"
"Feb 16, 2018","2,207.00","2,204.25","2,206.75","2,195.50","-","2.00%"
"Feb 15, 2018","2,163.75","2,162.00","2,162.00","2,152.25","-","-0.54%"
"Feb 14, 2018","2,175.50","2,184.50","2,184.50","2,179.00","-","1.96%"
"Feb 13, 2018","2,133.75","2,140.25","2,140.50","2,137.50","-","0.47%"
"Feb 12, 2018","2,123.75","2,124.25","2,152.75","2,119.25","0.11K","-0.02%"
"Feb 09, 2018","2,124.25","2,134.75","2,135.75","2,130.25","-","-2.49%"
"Feb 08, 2018","2,178.50","2,179.75","2,180.50","2,176.25","0.60K","0.62%"
"Feb 07, 2018","2,165.00","2,165.25","2,168.25","2,163.00","0.99K","-0.45%"
"Feb 06, 2018","2,174.75","2,173.25","2,174.50","2,172.00","-","-1.72%"
"Feb 05, 2018","2,212.75","2,211.00","2,213.00","2,207.25","-","0.01%"
"Feb 02, 2018","2,212.50","2,215.75","2,217.25","2,215.75","-","-0.70%"
"Feb 01, 2018","2,228.00","2,235.50","2,238.25","2,234.25","-","0.20%"
"Jan 31, 2018","2,223.50","2,212.50","2,214.25","2,209.75","0.68K","0.70%"
"Jan 30, 2018","2,208.00","2,218.00","2,225.75","2,216.50","-","-0.83%"
"Jan 29, 2018","2,226.50","2,228.75","2,230.50","2,228.25","-","-1.47%"
"Jan 26, 2018","2,259.75","2,234.50","2,266.00","2,226.00","-","0.74%"
"Jan 25, 2018","2,243.25","2,234.50","2,237.75","2,233.75","-","-0.37%"
"Jan 24, 2018","2,251.50","2,247.50","2,248.75","2,247.25","-","0.94%"
"Jan 23, 2018","2,230.50","2,225.00","2,227.75","2,225.00","-","-0.84%"
"Jan 22, 2018","2,249.50","2,248.75","2,251.25","2,247.75","-","1.24%"
"Jan 19, 2018","2,222.00","2,222.75","2,223.50","2,220.25","0.01K","-1.11%"
"Jan 18, 2018","2,247.00","2,250.00","2,253.25","2,247.75","-","2.29%"
"Jan 17, 2018","2,196.75","2,199.25","2,200.75","2,192.75","-","0.47%"
"Jan 16, 2018","2,186.50","2,192.25","2,193.50","2,191.50","-","-1.72%"
"Jan 15, 2018","2,224.75","2,220.00","2,223.75","2,219.00","-","0.66%"
"Jan 12, 2018","2,210.25","2,211.25","2,214.50","2,208.50","-","2.08%"
"Jan 11, 2018","2,165.25","2,172.00","2,174.00","2,171.25","-","-0.24%"
"Jan 10, 2018","2,170.50","2,169.50","2,171.75","2,168.50","-","1.52%"
"Jan 09, 2018","2,138.00","2,141.75","2,145.75","2,138.50","-","-1.08%"
"Jan 08, 2018","2,161.25","2,160.75","2,162.50","2,160.75","-","-1.32%"
"Jan 05, 2018","2,190.25","2,189.50","2,192.25","2,189.25","-","-2.09%"
"Jan 04, 2018","2,237.00","2,236.25","2,236.25","2,231.25","-","0.98%"
"Jan 03, 2018","2,215.25","2,220.00","2,222.25","2,217.25","-","-1.71%"
"Jan 02, 2018","2,253.75","2,253.50","2,258.00","2,253.50","-","-0.20%"
"Dec 29, 2017","2,258.25","2,270.50","2,271.75","2,267.75","-","-0.78%"
"Dec 28, 2017","2,276.00","2,272.00","2,272.00","2,267.00","-","1.40%"
"Dec 27, 2017","2,244.50","2,235.75","2,245.00","2,235.75","0.04K","2.78%"
"Dec 22, 2017","2,183.75","2,180.75","2,181.50","2,168.25","-","2.20%"
"Dec 21, 2017","2,136.75","2,137.00","2,137.75","2,135.00","0.35K","1.26%"
"Dec 20, 2017","2,110.25","2,109.25","2,110.50","2,108.75","-","1.13%"
"Dec 19, 2017","2,086.75","2,090.00","2,091.25","2,088.75","0.35K","1.18%"
"Dec 18, 2017","2,062.50","2,062.38","2,063.63","2,061.88","-","0.34%"
"Dec 15, 2017","2,055.50","2,025.75","2,057.75","2,020.50","-","1.07%"
"Dec 14, 2017","2,033.75","2,025.75","2,028.25","2,025.00","0.31K","2.16%"
"Dec 13, 2017","1,990.75","1,995.25","1,997.75","1,993.75","-","-0.30%"
"Dec 12, 2017","1,996.75","1,998.00","1,998.25","1,995.25","-","-0.29%"
"Dec 11, 2017","2,002.50","2,011.25","2,011.25","2,008.25","-","0.46%"
"Dec 08, 2017","1,993.25","1,998.25","2,000.75","1,994.00","-","0.01%"
"Dec 07, 2017","1,993.00","1,996.75","2,002.00","1,996.75","-","-0.47%"
"Dec 06, 2017","2,002.50","2,003.75","2,008.25","2,003.75","0.16K","-1.65%"
"Dec 05, 2017","2,036.00","2,040.25","2,040.75","2,037.25","-","-0.82%"
"Dec 04, 2017","2,052.75","2,056.75","2,057.50","2,054.75","-","-0.33%"
"Dec 01, 2017","2,059.50","2,063.00","2,063.00","2,058.75","-","1.30%"
"Nov 30, 2017","2,033.00","2,031.75","2,034.75","2,029.50","1.54K","-1.05%"
"Nov 29, 2017","2,054.50","2,044.08","2,054.50","2,039.70","2.11K","-1.68%"
"Nov 28, 2017","2,089.50","2,084.75","2,089.75","2,084.75","-","-1.57%"
"Nov 27, 2017","2,122.75","2,124.00","2,124.25","2,120.50","0.22K","0.09%"
"Nov 24, 2017","2,120.75","2,119.00","2,120.25","2,118.00","0.15K","0.92%"
"Nov 23, 2017","2,101.50","2,103.75","2,103.75","2,098.50","-","0.30%"
"Nov 22, 2017","2,095.25","2,091.50","2,091.75","2,089.25","0.08K","1.20%"
"Nov 21, 2017","2,070.50","2,073.00","2,076.75","2,072.25","-","-0.19%"
"Nov 20, 2017","2,074.50","2,074.25","2,075.00","2,073.25","-","-0.86%"
"Nov 17, 2017","2,092.50","2,098.25","2,098.25","2,096.25","-","0.07%"
"Nov 16, 2017","2,091.00","2,089.88","2,099.88","2,089.88","0.41K","-0.14%"
"Nov 15, 2017","2,094.00","2,092.50","2,094.25","2,092.25","-","1.16%"
"Nov 14, 2017","2,070.00","2,078.13","2,078.88","2,070.38","0.17K","-1.29%"
"Nov 13, 2017","2,097.10","2,102.50","2,105.50","2,097.00","0.65K","0.34%"
"Nov 10, 2017","2,090.00","2,089.75","2,093.00","2,089.50","0.12K","0.63%"
"Nov 09, 2017","2,077.00","2,076.00","2,078.75","2,075.75","0.55K","-0.78%"
"Nov 08, 2017","2,093.25","2,088.13","2,092.13","2,086.38","-","-1.06%"
"Nov 07, 2017","2,115.75","2,120.25","2,121.50","2,118.25","-","-1.82%"
"Nov 06, 2017","2,155.00","2,153.50","2,155.25","2,152.00","-","-0.69%"
"Nov 03, 2017","2,170.00","2,169.63","2,173.35","2,169.60","0.00K","0.50%"
"Nov 02, 2017","2,159.10","2,159.00","2,162.25","2,158.75","0.07K","-0.62%"
"Nov 01, 2017","2,172.50","2,159.75","2,164.00","2,157.50","-","1.22%"
"Oct 31, 2017","2,146.25","2,150.63","2,153.50","2,149.63","0.32K","-0.14%"
"Oct 30, 2017","2,149.25","2,144.00","2,149.75","2,143.50","0.01K","-0.32%"
"Oct 27, 2017","2,156.25","2,155.50","2,155.50","2,155.50","-","-1.11%"
"Oct 26, 2017","2,180.50","2,180.25","2,180.25","2,180.25","-","0.17%"
"Oct 25, 2017","2,176.75","2,178.75","2,178.75","2,178.75","-","1.50%"
"Oct 24, 2017","2,144.50","2,149.75","2,149.75","2,144.00","-","0.91%"
"Oct 20, 2017","2,125.25","2,125.50","2,125.50","2,125.50","-","0.07%"
"Oct 17, 2017","2,123.75","2,126.50","2,126.50","2,126.50","-","0.20%"
"Oct 16, 2017","2,119.50","2,122.25","2,122.25","2,122.25","-","0.44%"
"Oct 13, 2017","2,110.25","2,114.25","2,114.25","2,110.00","-","-0.59%"
"Oct 12, 2017","2,122.75","2,126.25","2,126.25","2,126.25","-","0.74%"
"Oct 11, 2017","2,107.25","2,108.00","2,108.00","2,108.00","-","-1.56%"
"Oct 10, 2017","2,140.75","2,142.25","2,142.50","2,142.25","-","-0.57%"
"Oct 09, 2017","2,153.00","2,151.50","2,151.50","2,151.50","-","0.07%"
"Oct 05, 2017","2,151.50","2,151.00","2,151.00","2,151.00","-","0.17%"
"Oct 04, 2017","2,147.75","2,146.50","2,146.50","2,146.50","-","1.49%"
"Oct 03, 2017","2,116.25","2,128.50","2,128.50","2,128.50","-","1.46%"
"Oct 02, 2017","2,085.75","2,083.50","2,083.50","2,083.50","-","0.23%"
"Sep 29, 2017","2,081.00","2,084.38","2,084.38","2,081.38","-","-1.36%"
"Sep 28, 2017","2,109.75","2,115.25","2,115.25","2,110.00","-","-0.01%"
"Sep 27, 2017","2,110.00","2,105.50","2,125.50","2,101.25","0.01K","0.24%"
"Sep 26, 2017","2,105.00","2,105.50","2,107.75","2,105.50","-","-1.15%"
"Sep 25, 2017","2,129.50","2,133.50","2,133.50","2,133.50","-","-0.56%"
"Sep 22, 2017","2,141.50","2,140.25","2,140.25","2,140.25","-","-0.48%"
"Sep 21, 2017","2,151.75","2,136.75","2,136.75","2,136.75","-","-0.25%"
"Sep 20, 2017","2,157.25","2,106.25","2,173.63","2,101.00","0.80K","2.54%"
"Sep 19, 2017","2,103.75","2,106.25","2,106.25","2,106.25","-","1.72%"
"Sep 14, 2017","2,068.25","2,073.00","2,073.00","2,073.00","-","-0.56%"
"Sep 13, 2017","2,080.00","2,079.75","2,079.75","2,079.75","-","-1.26%"
"Sep 12, 2017","2,106.50","2,114.25","2,114.25","2,114.25","-","1.44%"
"Sep 08, 2017","2,076.50","2,072.75","2,072.75","2,072.75","-","-0.54%"
"Sep 06, 2017","2,087.75","2,098.00","2,098.00","2,098.00","-","0.40%"
"Sep 05, 2017","2,079.50","2,076.00","2,076.00","2,076.00","-","-1.13%"
"Aug 31, 2017","2,103.25","2,114.00","2,114.00","2,114.00","-","1.03%"
"Aug 29, 2017","2,081.75","2,081.00","2,081.00","2,081.00","-","1.19%"
"Aug 25, 2017","2,057.25","2,056.75","2,056.75","2,056.75","-","-1.73%"
"Aug 24, 2017","2,093.50","2,086.25","2,086.25","2,086.25","-","0.44%"
"Aug 23, 2017","2,084.25","2,094.25","2,094.25","2,094.25","-","0.72%"
"Aug 21, 2017","2,069.25","2,075.50","2,075.50","2,075.50","-","0.87%"
"Aug 18, 2017","2,051.50","2,052.88","2,052.88","2,051.13","0.21K","-1.56%"
"Aug 16, 2017","2,084.00","2,078.75","2,078.75","2,078.75","-","2.24%"
"Aug 15, 2017","2,038.25","2,039.00","2,039.00","2,039.00","-","0.00%"
"Aug 11, 2017","2,038.25","2,038.50","2,038.50","2,038.50","-","0.27%"
"Aug 10, 2017","2,032.75","2,026.50","2,026.50","2,026.50","-","0.61%"
"Aug 09, 2017","2,020.50","2,016.50","2,016.50","2,016.50","-","0.06%"
"Aug 08, 2017","2,019.25","2,012.50","2,012.50","2,012.50","-","3.64%"
"Aug 07, 2017","1,948.25","1,955.25","1,955.25","1,955.25","-","2.67%"
"Aug 03, 2017","1,897.50","1,893.75","1,893.75","1,893.75","-","-0.50%"
"Aug 02, 2017","1,907.00","1,908.00","1,908.00","1,907.50","-","0.99%"
"Aug 01, 2017","1,888.25","1,890.75","1,890.75","1,890.75","-","-0.61%"
"Jul 31, 2017","1,899.75","1,899.50","1,899.50","1,899.50","-","-1.12%"
"Jul 27, 2017","1,921.25","1,919.75","1,921.75","1,919.75","-","-0.26%"
"Jul 26, 2017","1,926.25","1,919.75","1,919.75","1,919.75","-","0.63%"
"Jul 25, 2017","1,914.25","1,923.50","1,923.50","1,923.50","-","0.95%"
"Jul 24, 2017","1,896.25","1,897.25","1,897.25","1,897.00","-","-0.18%"
"Jul 21, 2017","1,899.75","1,901.50","1,901.50","1,901.50","-","-0.08%"
"Jul 20, 2017","1,901.25","1,902.25","1,902.25","1,902.25","-","-0.20%"
"Jul 19, 2017","1,905.00","1,908.00","1,908.00","1,908.00","-","-0.61%"
"Jul 18, 2017","1,916.75","1,918.00","1,918.00","1,918.00","-","0.58%"
"Jul 17, 2017","1,905.75","1,901.25","1,907.00","1,901.25","-","-0.16%"
"Jul 14, 2017","1,908.75","1,910.00","1,910.00","1,910.00","-","0.08%"
"Jul 13, 2017","1,907.25","1,909.75","1,909.75","1,909.75","-","1.72%"
"Jul 12, 2017","1,875.00","1,876.25","1,881.75","1,876.25","-","-0.62%"
"Jul 11, 2017","1,886.75","1,887.75","1,887.75","1,887.75","-","0.04%"
"Jul 10, 2017","1,886.00","1,920.50","1,925.75","1,885.00","0.19K","-1.82%"
"Jul 07, 2017","1,921.00","1,921.50","1,921.50","1,920.50","-","-0.71%"
"Jul 06, 2017","1,934.75","1,930.50","1,936.50","1,930.50","-","0.78%"
"Jul 05, 2017","1,919.75","1,923.50","1,924.50","1,909.75","0.42K","0.03%"
"Jul 04, 2017","1,919.25","1,923.50","1,923.50","1,923.50","-","0.07%"
"Jul 03, 2017","1,918.00","1,925.75","1,925.75","1,925.75","-","0.39%"
"Jun 30, 2017","1,910.50","1,914.00","1,914.00","1,911.00","-","0.20%"
"Jun 29, 2017","1,906.75","1,903.00","1,909.25","1,903.00","-","0.99%"
"Jun 28, 2017","1,888.00","1,887.13","1,887.13","1,887.13","-","0.69%"
"Jun 27, 2017","1,875.00","1,878.50","1,878.50","1,878.50","-","1.16%"
"Jun 26, 2017","1,853.50","1,859.25","1,859.25","1,859.25","-","-0.20%"
"Jun 23, 2017","1,857.25","1,857.25","1,857.25","1,857.25","-","-0.23%"
"Jun 22, 2017","1,861.50","1,861.50","1,861.50","1,861.50","-","0.17%"
"Jun 21, 2017","1,858.25","1,858.25","1,858.25","1,858.25","-","-1.03%"
"Jun 20, 2017","1,877.50","1,878.50","1,878.50","1,878.50","-","-0.03%"
"Jun 19, 2017","1,878.00","1,881.00","1,881.00","1,881.00","-","1.24%"
"Jun 16, 2017","1,855.00","1,860.00","1,860.00","1,860.00","-","-0.23%"
"Jun 15, 2017","1,859.25","1,863.25","1,863.25","1,863.25","-","-0.57%"
"Jun 14, 2017","1,870.00","1,867.50","1,867.50","1,867.50","-","-0.32%"
"Jun 13, 2017","1,876.00","1,880.25","1,880.25","1,880.25","-","0.00%"
"Jun 12, 2017","1,876.00","1,878.50","1,879.75","1,878.50","-","-1.12%"
"Jun 09, 2017","1,897.25","1,900.00","1,900.00","1,900.00","-","0.16%"
"Jun 08, 2017","1,894.25","1,894.75","1,894.75","1,894.75","-","-0.22%"
"Jun 07, 2017","1,898.50","1,896.88","1,903.63","1,896.88","-","0.24%"
"Jun 06, 2017","1,894.00","1,898.55","1,898.55","1,898.55","-","-1.57%"
"Jun 02, 2017","1,924.25","1,923.25","1,923.25","1,923.25","-","0.27%"
"Jun 01, 2017","1,919.00","1,923.75","1,923.75","1,923.75","-","-0.07%"
"May 31, 2017","1,920.25","1,922.25","1,928.75","1,922.25","-","-1.23%"
"May 26, 2017","1,944.25","1,944.88","1,944.88","1,944.88","-","-0.50%"
"May 25, 2017","1,954.00","1,954.00","1,954.00","1,954.00","-","0.77%"
"May 24, 2017","1,939.00","1,941.88","1,941.88","1,941.88","-","0.08%"
"May 23, 2017","1,937.50","1,943.00","1,943.00","1,943.00","-","0.28%"
"May 22, 2017","1,932.00","1,933.75","1,933.75","1,933.75","-","0.76%"
"May 18, 2017","1,917.50","1,916.75","1,916.75","1,916.75","-","-0.01%"
"May 16, 2017","1,917.75","1,921.25","1,924.25","1,921.25","0.66K","0.97%"
"May 15, 2017","1,899.25","1,899.75","1,899.75","1,899.75","-","0.73%"
"May 12, 2017","1,885.50","1,881.25","1,889.00","1,881.25","-","0.86%"
"May 11, 2017","1,869.50","1,868.50","1,875.25","1,868.50","-","0.55%"
"May 10, 2017","1,859.25","1,859.00","1,867.00","1,859.00","-","-0.27%"
"May 09, 2017","1,864.25","1,865.25","1,871.25","1,864.00","-","-0.45%"
"May 08, 2017","1,872.75","1,871.75","1,877.00","1,871.75","-","-1.19%"
"May 05, 2017","1,895.25","1,893.50","1,902.00","1,893.50","-","-0.54%"
"May 04, 2017","1,905.50","1,912.75","1,920.50","1,892.75","0.12K","-0.57%"
"May 03, 2017","1,916.50","1,912.75","1,920.50","1,912.75","-","-0.33%"
"May 02, 2017","1,922.75","1,923.25","1,931.25","1,923.25","0.74K","0.98%"
"Apr 28, 2017","1,904.00","1,904.13","1,916.88","1,904.13","-","-0.64%"
"Apr 27, 2017","1,916.25","1,918.75","1,923.00","1,918.75","0.16K","-2.08%"
"Apr 26, 2017","1,957.00","1,961.50","1,964.00","1,961.50","-","0.06%"
"Apr 25, 2017","1,955.75","1,934.25","1,957.75","1,925.00","0.19K","0.95%"
"Apr 24, 2017","1,937.25","1,934.25","1,942.75","1,925.00","0.01K","0.62%"
"Apr 21, 2017","1,925.25","1,927.50","1,934.00","1,927.50","0.00K","-0.54%"
"Apr 20, 2017","1,935.75","1,934.00","1,934.00","1,894.00","0.02K","2.20%"
"Apr 19, 2017","1,894.00","1,903.50","1,903.50","1,894.25","0.79K","0.65%"
"Apr 18, 2017","1,881.75","1,887.75","1,899.00","1,887.75","0.64K","-1.00%"
"Apr 13, 2017","1,900.75","1,901.38","1,901.38","1,882.63","-","0.88%"
"Apr 12, 2017","1,884.25","1,885.50","1,894.75","1,885.50","0.11K","-1.18%"
"Apr 11, 2017","1,906.75","1,906.75","1,906.75","1,906.75","-","-0.31%"
"Apr 10, 2017","1,912.75","1,908.50","1,916.50","1,908.50","-","-1.83%"
"Apr 07, 2017","1,948.50","1,950.75","1,954.50","1,950.75","-","0.37%"
"Apr 06, 2017","1,941.25","1,942.50","1,947.50","1,942.50","0.07K","-0.45%"
"Apr 05, 2017","1,950.00","1,956.00","1,959.50","1,956.00","-","1.15%"
"Apr 04, 2017","1,927.75","1,928.75","1,933.50","1,928.75","0.09K","-0.77%"
"Apr 03, 2017","1,942.75","1,944.00","1,947.75","1,944.00","0.00K","-0.61%"
"Mar 31, 2017","1,954.75","1,953.25","1,953.25","1,953.25","-","-0.52%"
"Mar 30, 2017","1,965.00","1,971.50","1,971.50","1,971.50","0.15K","0.51%"
"Mar 29, 2017","1,955.00","1,965.25","1,967.25","1,965.25","-","0.85%"
"Mar 28, 2017","1,938.50","1,934.75","1,941.75","1,934.75","-","0.71%"
"Mar 27, 2017","1,924.75","1,930.25","1,930.25","1,930.25","-","-0.52%"
"Mar 24, 2017","1,934.75","1,933.75","1,933.75","1,932.25","-","0.30%"
"Mar 23, 2017","1,929.00","1,929.50","1,929.75","1,928.00","-","0.53%"
"Mar 22, 2017","1,918.75","1,917.25","1,929.75","1,902.20","0.05K","-0.12%"
"Mar 21, 2017","1,921.00","1,917.25","1,920.63","1,915.25","-","0.25%"
"Mar 20, 2017","1,916.25","1,914.50","1,914.75","1,909.75","-","0.41%"
"Mar 17, 2017","1,908.50","1,908.75","1,910.75","1,908.25","-","0.77%"
"Mar 16, 2017","1,894.00","1,897.50","1,899.00","1,893.75","0.23K","0.68%"
"Mar 15, 2017","1,881.25","1,877.25","1,883.50","1,876.75","-","1.54%"
"Mar 14, 2017","1,852.75","1,858.50","1,858.50","1,852.75","-","-1.11%"
"Mar 13, 2017","1,873.50","1,872.75","1,874.25","1,872.25","-","0.00%"
"Mar 10, 2017","1,873.50","1,866.00","1,868.25","1,866.00","-","0.96%"
"Mar 09, 2017","1,855.75","1,864.75","1,866.00","1,864.00","-","-0.67%"
"Mar 08, 2017","1,868.25","1,861.75","1,869.25","1,861.75","-","0.09%"
"Mar 07, 2017","1,866.50","1,874.25","1,875.00","1,871.50","-","-0.01%"
"Mar 06, 2017","1,866.75","1,870.50","1,873.00","1,869.50","-","-0.96%"
"Mar 03, 2017","1,884.75","1,885.00","1,885.00","1,883.00","0.20K","-1.02%"
"Mar 02, 2017","1,904.25","1,905.25","1,906.00","1,904.50","-","-2.06%"
"Mar 01, 2017","1,944.25","1,943.50","1,944.75","1,939.00","-","1.20%"
"Feb 28, 2017","1,921.25","1,916.75","1,920.25","1,916.00","-","1.15%"
"Feb 27, 2017","1,899.50","1,900.25","1,900.50","1,897.00","0.25K","0.78%"
"Feb 24, 2017","1,884.75","1,881.50","1,882.50","1,878.50","-","1.22%"
"Feb 23, 2017","1,862.00","1,859.00","1,860.50","1,857.50","-","-0.88%"
"Feb 22, 2017","1,878.50","1,882.00","1,885.25","1,881.75","-","0.00%"
"Feb 21, 2017","1,878.50","1,874.50","1,875.75","1,871.00","-","-0.71%"
"Feb 20, 2017","1,892.00","1,892.50","1,895.00","1,891.00","-","1.11%"
"Feb 17, 2017","1,871.25","1,873.88","1,875.63","1,873.38","-","-0.87%"
"Feb 16, 2017","1,887.75","1,894.75","1,894.75","1,893.00","-","-0.88%"
"Feb 15, 2017","1,904.50","1,906.50","1,907.25","1,906.00","-","1.36%"
"Feb 14, 2017","1,879.00","1,878.25","1,888.00","1,875.25","0.76K","0.80%"
"Feb 13, 2017","1,864.00","1,864.00","1,865.25","1,862.75","0.80K","-0.13%"
"Feb 10, 2017","1,866.50","1,858.25","1,862.75","1,858.25","-","1.69%"
"Feb 09, 2017","1,835.50","1,833.75","1,835.25","1,833.00","-","0.27%"
"Feb 08, 2017","1,830.50","1,830.25","1,832.50","1,829.75","-","0.94%"
"Feb 07, 2017","1,813.50","1,817.25","1,818.25","1,814.00","-","-0.30%"
"Feb 06, 2017","1,819.00","1,821.25","1,823.75","1,816.75","-","-0.04%"
"Feb 03, 2017","1,819.75","1,823.50","1,826.50","1,821.50","-","0.22%"
"Feb 02, 2017","1,815.75","1,810.25","1,819.25","1,809.75","-","0.54%"
"Feb 01, 2017","1,806.00","1,805.75","1,806.75","1,803.50","-","-0.06%"
"Jan 31, 2017","1,807.00","1,809.50","1,811.25","1,807.00","-","0.96%"
"Jan 30, 2017","1,789.75","1,797.75","1,799.00","1,791.50","-","-0.86%"
"Jan 27, 2017","1,805.25","1,813.75","1,818.50","1,813.00","-","-0.22%"
"Jan 26, 2017","1,809.25","1,810.50","1,813.75","1,809.50","-","-0.90%"
"Jan 25, 2017","1,825.75","1,832.25","1,835.25","1,830.00","-","-1.93%"
"Jan 24, 2017","1,861.75","1,859.13","1,862.75","1,859.13","-","0.87%"
"Jan 23, 2017","1,845.75","1,849.25","1,850.75","1,845.25","-","0.11%"
"Jan 20, 2017","1,843.75","1,847.63","1,848.88","1,843.88","-","1.08%"
"Jan 19, 2017","1,824.00","1,820.13","1,820.63","1,815.50","-","-0.38%"
"Jan 18, 2017","1,831.00","1,811.75","1,813.00","1,809.50","-","2.08%"
"Jan 17, 2017","1,793.75","1,796.10","1,798.35","1,796.10","-","0.35%"
"Jan 16, 2017","1,787.50","1,784.10","1,785.85","1,783.85","-","-1.19%"
"Jan 13, 2017","1,809.00","1,810.75","1,811.75","1,808.25","-","1.12%"
"Jan 12, 2017","1,789.00","1,787.25","1,791.25","1,786.75","-","1.68%"
"Jan 11, 2017","1,759.50","1,758.25","1,758.75","1,754.75","-","0.46%"
"Jan 10, 2017","1,751.50","1,745.25","1,746.25","1,743.50","-","1.32%"
"Jan 09, 2017","1,728.75","1,723.00","1,726.50","1,723.00","-","0.80%"
"Jan 06, 2017","1,715.00","1,711.50","1,719.75","1,711.50","-","0.66%"
"Jan 05, 2017","1,703.75","1,703.75","1,704.75","1,702.00","-","0.96%"
"Jan 04, 2017","1,687.50","1,690.50","1,690.75","1,688.75","-","-0.03%"
"Jan 03, 2017","1,688.00","1,687.25","1,687.75","1,686.25","-","-0.35%"
"Dec 30, 2016","1,694.00","1,693.75","1,698.00","1,689.75","-","0.83%"
"Dec 29, 2016","1,680.00","1,686.00","1,689.00","1,682.00","-","-1.51%"
"Dec 28, 2016","1,705.75","1,706.50","1,706.75","1,705.00","0.14K","-0.90%"
"Dec 23, 2016","1,721.25","1,725.50","1,726.00","1,718.25","-","-0.20%"
"Dec 22, 2016","1,724.75","1,726.75","1,727.25","1,725.75","-","-0.19%"
"Dec 21, 2016","1,728.00","1,726.63","1,728.63","1,725.50","-","0.45%"
"Dec 20, 2016","1,720.25","1,720.75","1,724.00","1,720.50","0.02K","0.53%"
"Dec 19, 2016","1,711.25","1,710.50","1,710.75","1,703.75","-","-0.77%"
"Dec 16, 2016","1,724.50","1,746.00","1,750.75","1,720.00","0.06K","-1.06%"
"Dec 15, 2016","1,743.00","1,746.00","1,749.00","1,745.50","-","-0.61%"
"Dec 14, 2016","1,753.75","1,750.50","1,751.00","1,748.50","-","0.26%"
"Dec 13, 2016","1,749.25","1,746.25","1,747.25","1,743.00","-","0.72%"
"Dec 12, 2016","1,736.75","1,742.50","1,742.50","1,738.75","-","-1.07%"
"Dec 09, 2016","1,755.50","1,754.75","1,755.00","1,749.00","-","1.40%"
"Dec 08, 2016","1,731.25","1,729.75","1,733.00","1,729.75","-","1.11%"
"Dec 07, 2016","1,712.25","1,714.75","1,719.50","1,713.75","-","-0.01%"
"Dec 06, 2016","1,712.50","1,710.75","1,711.00","1,708.00","-","-1.42%"
"Dec 05, 2016","1,737.25","1,732.50","1,732.75","1,727.00","-","1.21%"
"Dec 02, 2016","1,716.50","1,719.00","1,721.50","1,714.75","-","-0.35%"
"Dec 01, 2016","1,722.50","1,722.00","1,722.75","1,720.00","-","-0.62%"
"Nov 30, 2016","1,733.25","1,728.00","1,730.75","1,726.75","-","0.64%"
"Nov 29, 2016","1,722.25","1,719.50","1,723.00","1,718.50","-","-1.46%"
"Nov 28, 2016","1,747.75","1,736.50","1,742.25","1,728.50","-","-0.63%"
"Nov 25, 2016","1,758.75","1,766.25","1,770.25","1,764.25","-","-0.78%"
"Nov 24, 2016","1,772.50","1,765.50","1,766.00","1,762.50","-","-0.34%"
"Nov 23, 2016","1,778.50","1,780.75","1,784.00","1,779.50","-","0.81%"
"Nov 22, 2016","1,764.25","1,764.75","1,766.00","1,762.50","-","2.32%"
"Nov 21, 2016","1,724.25","1,725.63","1,726.13","1,719.63","-","1.56%"